timestamp,dose_uSv,raw
2026-03-20T07:29:47+00:00,1.342,1342
2026-03-20T07:35:07+00:00,1.344,1344
2026-03-20T07:40:27+00:00,1.346,1346
2026-03-20T07:45:47+00:00,1.348,1348
2026-03-20T07:53:15+00:00,1.35,1350
2026-03-20T07:58:35+00:00,1.352,1352
2026-03-20T08:03:55+00:00,1.354,1354
2026-03-20T08:09:15+00:00,1.356,1356
2026-03-20T08:14:35+00:00,1.358,1358
2026-03-20T08:19:55+00:00,1.36,1360
2026-03-20T08:27:23+00:00,1.362,1362
2026-03-20T08:32:43+00:00,1.364,1364
2026-03-20T08:38:03+00:00,1.366,1366
2026-03-20T08:43:23+00:00,1.368,1368
2026-03-20T08:48:43+00:00,1.37,1370
2026-03-20T08:54:03+00:00,1.372,1372
2026-03-20T09:01:31+00:00,1.374,1374
2026-03-20T09:06:51+00:00,1.376,1376
2026-03-20T09:12:11+00:00,1.378,1378
2026-03-20T09:17:31+00:00,1.38,1380
2026-03-20T09:22:51+00:00,1.381,1381
2026-03-20T09:28:11+00:00,1.383,1383
2026-03-20T14:08:43+00:00,1.385,1385
2026-03-20T14:14:03+00:00,1.387,1387
2026-03-20T14:19:23+00:00,1.389,1389
2026-03-20T14:24:43+00:00,1.391,1391
2026-03-20T14:30:03+00:00,1.393,1393
2026-03-20T14:35:23+00:00,1.395,1395
2026-03-20T14:42:51+00:00,1.397,1397
2026-03-20T14:48:11+00:00,1.399,1399
2026-03-20T14:53:31+00:00,1.401,1401
2026-03-20T14:58:51+00:00,1.403,1403
2026-03-20T15:04:11+00:00,1.405,1405
2026-03-20T15:09:31+00:00,1.407,1407
2026-03-20T15:17:31+00:00,1.409,1409
2026-03-20T15:22:51+00:00,1.411,1411
2026-03-20T15:28:11+00:00,1.413,1413
2026-03-20T15:33:31+00:00,1.415,1415
2026-03-20T15:38:51+00:00,1.417,1417
2026-03-20T15:44:11+00:00,1.419,1419
2026-03-20T15:51:39+00:00,1.421,1421
2026-03-20T15:56:59+00:00,1.422,1422
2026-03-20T16:02:19+00:00,1.425,1425
2026-03-20T16:07:39+00:00,1.427,1427
2026-03-20T16:12:59+00:00,1.428,1428
2026-03-20T16:18:19+00:00,1.43,1430
2026-03-20T16:25:47+00:00,1.432,1432
2026-03-20T16:31:07+00:00,1.434,1434
2026-03-20T16:36:27+00:00,1.436,1436
2026-03-20T16:41:47+00:00,1.438,1438
2026-03-20T16:47:07+00:00,1.44,1440
2026-03-20T16:52:27+00:00,1.442,1442
2026-03-20T16:59:55+00:00,1.444,1444
2026-03-20T17:05:15+00:00,1.446,1446
2026-03-20T17:10:35+00:00,1.447,1447
2026-03-20T17:15:55+00:00,1.449,1449
2026-03-20T17:21:15+00:00,1.451,1451
2026-03-20T17:26:35+00:00,1.453,1453
2026-03-20T17:34:03+00:00,1.455,1455
2026-03-20T17:39:23+00:00,1.457,1457
2026-03-20T17:44:43+00:00,1.459,1459
2026-03-20T17:50:03+00:00,1.46,1460
2026-03-20T17:55:23+00:00,1.462,1462
2026-03-20T18:00:43+00:00,1.464,1464
2026-03-20T18:08:11+00:00,1.466,1466
2026-03-20T18:13:31+00:00,1.468,1468
2026-03-20T18:18:51+00:00,1.47,1470
2026-03-20T18:24:43+00:00,1.472,1472
2026-03-20T18:30:03+00:00,1.474,1474
2026-03-20T18:35:23+00:00,1.476,1476
2026-03-20T18:42:51+00:00,1.478,1478
2026-03-20T18:48:11+00:00,1.48,1480
2026-03-20T18:53:31+00:00,1.482,1482
2026-03-20T18:58:51+00:00,1.484,1484
2026-03-20T19:04:11+00:00,1.486,1486
2026-03-20T19:09:31+00:00,1.488,1488
2026-03-20T19:16:59+00:00,1.49,1490
2026-03-20T19:22:19+00:00,1.492,1492
2026-03-20T19:27:39+00:00,1.494,1494
2026-03-20T19:32:59+00:00,1.496,1496
2026-03-20T19:38:19+00:00,1.498,1498
2026-03-20T19:43:39+00:00,1.5,1500
2026-03-20T19:51:07+00:00,1.503,1503
2026-03-20T19:56:27+00:00,1.504,1504
2026-03-20T20:01:47+00:00,1.506,1506
2026-03-20T20:07:07+00:00,1.508,1508
2026-03-20T20:12:27+00:00,1.511,1511
2026-03-20T20:17:47+00:00,1.512,1512
2026-03-20T20:25:15+00:00,1.514,1514
2026-03-20T20:30:35+00:00,1.516,1516
2026-03-20T20:35:55+00:00,1.518,1518
2026-03-20T20:41:15+00:00,1.52,1520
2026-03-20T20:46:35+00:00,1.522,1522
2026-03-20T20:51:55+00:00,1.524,1524
2026-03-20T20:59:23+00:00,1.525,1525
2026-03-20T21:04:43+00:00,1.527,1527
2026-03-20T21:10:03+00:00,1.53,1530
2026-03-20T21:15:23+00:00,1.531,1531
2026-03-20T21:20:43+00:00,1.533,1533
2026-03-20T21:28:43+00:00,1.535,1535
2026-03-20T21:34:03+00:00,1.538,1538
2026-03-20T21:39:23+00:00,1.539,1539
2026-03-20T21:44:43+00:00,1.541,1541
2026-03-20T21:50:03+00:00,1.543,1543
2026-03-20T21:55:23+00:00,1.545,1545
2026-03-20T22:02:51+00:00,1.547,1547
2026-03-20T22:08:11+00:00,1.549,1549
2026-03-20T22:13:31+00:00,1.551,1551
2026-03-20T22:18:51+00:00,1.553,1553
2026-03-20T22:24:11+00:00,1.555,1555
2026-03-20T22:29:31+00:00,1.557,1557
2026-03-20T22:36:59+00:00,1.56,1560
2026-03-20T22:42:19+00:00,1.563,1563
2026-03-20T22:47:39+00:00,1.565,1565
2026-03-20T22:52:59+00:00,1.568,1568
2026-03-20T22:58:19+00:00,1.57,1570
2026-03-20T23:03:39+00:00,1.572,1572
2026-03-20T23:11:07+00:00,1.575,1575
2026-03-20T23:16:27+00:00,1.577,1577
2026-03-20T23:21:47+00:00,1.579,1579
2026-03-20T23:27:07+00:00,1.581,1581
2026-03-20T23:32:27+00:00,1.583,1583
2026-03-20T23:37:47+00:00,1.585,1585
2026-03-20T23:45:15+00:00,1.587,1587
2026-03-20T23:50:35+00:00,1.589,1589
2026-03-20T23:55:55+00:00,1.591,1591
2026-03-21T00:01:15+00:00,1.593,1593
2026-03-21T00:06:35+00:00,1.595,1595
2026-03-21T00:11:55+00:00,1.597,1597
2026-03-21T00:19:55+00:00,1.599,1599
2026-03-21T00:25:15+00:00,1.601,1601
2026-03-21T00:30:35+00:00,1.604,1604
2026-03-21T00:35:55+00:00,1.605,1605
2026-03-21T00:41:15+00:00,1.608,1608
2026-03-21T00:46:35+00:00,1.61,1610
2026-03-21T00:54:03+00:00,1.612,1612
2026-03-21T00:59:23+00:00,1.614,1614
2026-03-21T01:04:43+00:00,1.616,1616
2026-03-21T01:10:03+00:00,1.618,1618
2026-03-21T01:15:23+00:00,1.62,1620
2026-03-21T01:20:43+00:00,1.622,1622
2026-03-21T01:28:11+00:00,1.624,1624
2026-03-21T01:33:31+00:00,1.627,1627
2026-03-21T01:38:51+00:00,1.629,1629
2026-03-21T01:44:11+00:00,1.631,1631
2026-03-21T01:49:31+00:00,1.633,1633
2026-03-21T01:54:51+00:00,1.634,1634
2026-03-21T02:02:19+00:00,1.637,1637
2026-03-21T02:07:39+00:00,1.639,1639
2026-03-21T02:12:59+00:00,1.641,1641
2026-03-21T02:18:19+00:00,1.643,1643
2026-03-21T02:23:39+00:00,1.645,1645
2026-03-21T02:28:59+00:00,1.647,1647
2026-03-21T02:36:27+00:00,1.648,1648
2026-03-21T02:41:47+00:00,1.65,1650
2026-03-21T02:47:07+00:00,1.652,1652
2026-03-21T02:52:27+00:00,1.654,1654
2026-03-21T02:57:47+00:00,1.656,1656
2026-03-21T03:03:07+00:00,1.658,1658
2026-03-21T03:10:35+00:00,1.66,1660
2026-03-21T03:15:55+00:00,1.662,1662
2026-03-21T03:21:15+00:00,1.664,1664
2026-03-21T03:26:35+00:00,1.666,1666
2026-03-21T03:32:27+00:00,1.668,1668
2026-03-21T03:37:47+00:00,1.67,1670
2026-03-21T08:18:19+00:00,1.672,1672
2026-03-21T08:23:39+00:00,1.674,1674
2026-03-21T08:28:59+00:00,1.676,1676
2026-03-21T08:34:19+00:00,1.678,1678
2026-03-21T08:39:39+00:00,1.68,1680
2026-03-21T08:44:59+00:00,1.682,1682
2026-03-21T08:52:27+00:00,1.685,1685
2026-03-21T08:57:47+00:00,1.687,1687
2026-03-21T09:03:07+00:00,1.689,1689
2026-03-21T09:08:27+00:00,1.691,1691
2026-03-21T09:13:47+00:00,1.693,1693
2026-03-21T09:19:07+00:00,1.695,1695
2026-03-21T09:26:35+00:00,1.697,1697
2026-03-21T09:31:55+00:00,1.699,1699
2026-03-21T09:37:15+00:00,1.701,1701
2026-03-21T09:42:35+00:00,1.703,1703
2026-03-21T09:47:55+00:00,1.705,1705
2026-03-21T09:53:15+00:00,1.707,1707
2026-03-21T10:00:43+00:00,1.709,1709
2026-03-21T10:06:03+00:00,1.711,1711
2026-03-21T10:11:23+00:00,1.714,1714
2026-03-21T10:16:43+00:00,1.715,1715
2026-03-21T10:22:03+00:00,1.717,1717
2026-03-21T10:27:23+00:00,1.72,1720
2026-03-21T10:34:51+00:00,1.722,1722
2026-03-21T10:40:11+00:00,1.724,1724
2026-03-21T10:45:31+00:00,1.726,1726
2026-03-21T10:50:51+00:00,1.728,1728
2026-03-21T10:56:11+00:00,1.73,1730
2026-03-21T11:01:31+00:00,1.732,1732
2026-03-21T11:08:59+00:00,1.734,1734
2026-03-21T11:14:19+00:00,1.736,1736
2026-03-21T11:20:11+00:00,1.738,1738
2026-03-21T11:25:31+00:00,1.74,1740
2026-03-21T11:30:51+00:00,1.742,1742
2026-03-21T11:36:11+00:00,1.745,1745
2026-03-21T11:43:39+00:00,1.747,1747
2026-03-21T11:48:59+00:00,1.749,1749
2026-03-21T11:54:19+00:00,1.75,1750
2026-03-21T11:59:39+00:00,1.752,1752
2026-03-21T12:04:59+00:00,1.754,1754
2026-03-21T12:10:19+00:00,1.756,1756
2026-03-21T12:17:47+00:00,1.758,1758
2026-03-21T12:23:07+00:00,1.76,1760
2026-03-21T12:28:27+00:00,1.762,1762
2026-03-21T12:33:47+00:00,1.764,1764
2026-03-21T12:39:07+00:00,1.766,1766
2026-03-21T12:44:27+00:00,1.768,1768
2026-03-21T12:51:55+00:00,1.77,1770
2026-03-21T12:57:15+00:00,1.772,1772
2026-03-21T13:02:35+00:00,1.774,1774
2026-03-21T13:07:55+00:00,1.776,1776
2026-03-21T13:13:15+00:00,1.778,1778
2026-03-21T13:18:35+00:00,1.78,1780
2026-03-21T13:26:03+00:00,1.782,1782
2026-03-21T13:31:23+00:00,1.784,1784
2026-03-21T13:36:43+00:00,1.786,1786
2026-03-21T13:42:03+00:00,1.788,1788
2026-03-21T13:47:23+00:00,1.79,1790
2026-03-21T13:52:43+00:00,1.792,1792
2026-03-21T14:00:11+00:00,1.794,1794
2026-03-21T14:05:31+00:00,1.796,1796
2026-03-21T14:10:51+00:00,1.798,1798
2026-03-21T14:16:11+00:00,1.8,1800
2026-03-21T14:21:31+00:00,1.802,1802
2026-03-21T14:26:51+00:00,1.804,1804
2026-03-21T14:34:19+00:00,1.806,1806
2026-03-21T14:40:11+00:00,1.808,1808
2026-03-21T14:45:31+00:00,1.81,1810
2026-03-21T14:50:51+00:00,1.812,1812
2026-03-21T14:56:11+00:00,1.814,1814
2026-03-21T15:01:31+00:00,1.816,1816
2026-03-21T15:08:59+00:00,1.818,1818
2026-03-21T15:14:19+00:00,1.82,1820
2026-03-21T15:19:39+00:00,1.822,1822
2026-03-21T15:24:59+00:00,1.824,1824
2026-03-21T15:30:19+00:00,1.827,1827
2026-03-21T15:35:39+00:00,1.829,1829
2026-03-21T15:43:07+00:00,1.831,1831
2026-03-21T15:48:27+00:00,1.833,1833
2026-03-21T15:53:47+00:00,1.835,1835
2026-03-21T15:59:07+00:00,1.837,1837
2026-03-21T16:04:27+00:00,1.84,1840
2026-03-21T16:09:47+00:00,1.842,1842
2026-03-21T16:17:15+00:00,1.844,1844
2026-03-21T16:22:35+00:00,1.846,1846
2026-03-21T16:27:55+00:00,1.848,1848
2026-03-21T16:33:15+00:00,1.85,1850
2026-03-21T16:38:35+00:00,1.852,1852
2026-03-21T16:43:55+00:00,1.854,1854
2026-03-21T16:51:23+00:00,1.856,1856
2026-03-21T16:56:43+00:00,1.858,1858
2026-03-21T17:02:03+00:00,1.86,1860
2026-03-21T17:07:23+00:00,1.862,1862
2026-03-21T17:12:43+00:00,1.864,1864
2026-03-21T17:18:03+00:00,1.866,1866
2026-03-21T17:25:31+00:00,1.868,1868
2026-03-21T17:30:51+00:00,1.87,1870
2026-03-21T17:36:11+00:00,1.872,1872
2026-03-21T17:41:31+00:00,1.874,1874
2026-03-21T17:46:51+00:00,1.876,1876
2026-03-21T17:52:11+00:00,1.878,1878
2026-03-21T17:59:39+00:00,1.88,1880
2026-03-21T18:05:31+00:00,1.883,1883
2026-03-21T18:10:51+00:00,1.885,1885
2026-03-21T18:16:11+00:00,1.887,1887
2026-03-21T18:21:31+00:00,1.889,1889
2026-03-21T18:26:51+00:00,1.891,1891
2026-03-21T18:34:19+00:00,1.893,1893
2026-03-21T18:39:39+00:00,1.895,1895
2026-03-21T18:44:59+00:00,1.897,1897
2026-03-21T18:50:19+00:00,1.899,1899
2026-03-21T18:55:39+00:00,1.901,1901
2026-03-21T19:00:59+00:00,1.903,1903
2026-03-21T19:08:27+00:00,1.905,1905
2026-03-21T19:13:47+00:00,1.908,1908
2026-03-21T19:19:07+00:00,1.91,1910
2026-03-21T19:24:27+00:00,1.912,1912
2026-03-21T19:29:47+00:00,1.914,1914
2026-03-21T19:35:07+00:00,1.916,1916
2026-03-21T19:42:35+00:00,1.918,1918
2026-03-21T19:47:55+00:00,1.92,1920
2026-03-21T19:53:15+00:00,1.922,1922
2026-03-21T19:58:35+00:00,1.924,1924
2026-03-21T20:03:55+00:00,1.926,1926
2026-03-21T20:09:15+00:00,1.928,1928
2026-03-21T20:16:43+00:00,1.93,1930
2026-03-21T20:22:03+00:00,1.932,1932
2026-03-21T20:27:23+00:00,1.934,1934
2026-03-21T20:32:43+00:00,1.936,1936
2026-03-21T20:38:03+00:00,1.938,1938
2026-03-21T20:43:23+00:00,1.94,1940
2026-03-21T20:50:51+00:00,1.942,1942
2026-03-21T20:56:11+00:00,1.944,1944
2026-03-21T21:02:03+00:00,1.947,1947
2026-03-21T21:07:23+00:00,1.949,1949
2026-03-21T21:12:43+00:00,1.951,1951
2026-03-21T21:18:03+00:00,1.953,1953
2026-03-21T21:25:31+00:00,1.955,1955
2026-03-21T21:30:51+00:00,1.957,1957
2026-03-21T21:36:11+00:00,1.959,1959
2026-03-21T21:41:31+00:00,1.962,1962
2026-03-21T21:46:51+00:00,1.963,1963
2026-03-21T21:52:11+00:00,1.965,1965
2026-03-22T02:32:43+00:00,1.968,1968
2026-03-22T02:38:03+00:00,1.97,1970
2026-03-22T02:43:23+00:00,1.972,1972
2026-03-22T02:48:43+00:00,1.974,1974
2026-03-22T02:54:03+00:00,1.976,1976
2026-03-22T02:59:23+00:00,1.978,1978
2026-03-22T03:06:51+00:00,1.98,1980
2026-03-22T03:12:11+00:00,1.982,1982
2026-03-22T03:17:31+00:00,1.984,1984
2026-03-22T03:22:51+00:00,1.985,1985
2026-03-22T03:28:11+00:00,1.987,1987
2026-03-22T03:33:31+00:00,1.99,1990
2026-03-22T03:40:59+00:00,1.991,1991
2026-03-22T03:46:19+00:00,1.994,1994
2026-03-22T03:51:39+00:00,1.996,1996
2026-03-22T03:56:59+00:00,1.998,1998
2026-03-22T04:02:19+00:00,2.0,2000
2026-03-22T04:07:39+00:00,2.002,2002
2026-03-22T04:15:07+00:00,2.004,2004
2026-03-22T04:20:27+00:00,2.006,2006
2026-03-22T04:25:47+00:00,2.009,2009
2026-03-22T04:31:07+00:00,2.011,2011
2026-03-22T04:36:27+00:00,2.013,2013
2026-03-22T04:41:47+00:00,2.015,2015
2026-03-22T04:49:15+00:00,2.017,2017
2026-03-22T04:55:07+00:00,2.019,2019
2026-03-22T05:00:27+00:00,2.021,2021
2026-03-22T05:05:47+00:00,2.023,2023
2026-03-22T05:11:07+00:00,2.025,2025
2026-03-22T05:16:27+00:00,2.027,2027
2026-03-22T05:23:55+00:00,2.029,2029
2026-03-22T05:29:15+00:00,2.031,2031
2026-03-22T05:34:35+00:00,2.033,2033
2026-03-22T05:39:55+00:00,2.035,2035
2026-03-22T05:45:15+00:00,2.037,2037
2026-03-22T05:50:35+00:00,2.039,2039
2026-03-22T05:58:03+00:00,2.041,2041
2026-03-22T06:03:23+00:00,2.043,2043
2026-03-22T06:08:43+00:00,2.045,2045
2026-03-22T06:14:03+00:00,2.047,2047
2026-03-22T06:19:23+00:00,2.049,2049
2026-03-22T06:24:43+00:00,2.052,2052
2026-03-22T06:32:11+00:00,2.054,2054
2026-03-22T06:37:31+00:00,2.056,2056
2026-03-22T06:42:51+00:00,2.058,2058
2026-03-22T06:48:11+00:00,2.06,2060
2026-03-22T06:53:31+00:00,2.062,2062
2026-03-22T06:58:51+00:00,2.064,2064
2026-03-22T07:06:19+00:00,2.066,2066
2026-03-22T07:11:39+00:00,2.068,2068
2026-03-22T07:16:59+00:00,2.07,2070
2026-03-22T07:22:19+00:00,2.073,2073
2026-03-22T07:27:39+00:00,2.075,2075
2026-03-22T07:32:59+00:00,2.077,2077
2026-03-22T07:40:27+00:00,2.079,2079
2026-03-22T07:45:47+00:00,2.081,2081
2026-03-22T07:51:07+00:00,2.083,2083
2026-03-22T07:56:27+00:00,2.085,2085
2026-03-22T08:01:47+00:00,2.087,2087
2026-03-22T08:07:39+00:00,2.089,2089
2026-03-22T08:15:07+00:00,2.092,2092
2026-03-22T08:20:27+00:00,2.094,2094
2026-03-22T08:25:47+00:00,2.096,2096
2026-03-22T08:31:07+00:00,2.098,2098
2026-03-22T08:36:27+00:00,2.1,2100
2026-03-22T08:41:47+00:00,2.102,2102
2026-03-22T08:49:15+00:00,2.104,2104
2026-03-22T08:54:35+00:00,2.107,2107
2026-03-22T08:59:55+00:00,2.109,2109
2026-03-22T09:05:15+00:00,2.111,2111
2026-03-22T09:10:35+00:00,2.113,2113
2026-03-22T09:15:55+00:00,2.115,2115
2026-03-22T09:23:23+00:00,2.117,2117
2026-03-22T09:28:43+00:00,2.119,2119
2026-03-22T09:34:03+00:00,2.122,2122
2026-03-22T09:39:23+00:00,2.124,2124
2026-03-22T09:44:43+00:00,2.126,2126
2026-03-22T09:50:03+00:00,2.128,2128
2026-03-22T09:57:31+00:00,2.13,2130
2026-03-22T10:02:51+00:00,2.132,2132
2026-03-22T10:08:11+00:00,2.134,2134
2026-03-22T10:13:31+00:00,2.136,2136
2026-03-22T10:18:51+00:00,2.138,2138
2026-03-22T10:24:11+00:00,2.14,2140
2026-03-22T10:31:39+00:00,2.142,2142
2026-03-22T10:36:59+00:00,2.144,2144
2026-03-22T10:42:19+00:00,2.146,2146
2026-03-22T10:47:39+00:00,2.148,2148
2026-03-22T10:52:59+00:00,2.15,2150
2026-03-22T10:58:19+00:00,2.152,2152
2026-03-22T11:05:47+00:00,2.154,2154
2026-03-22T11:11:07+00:00,2.156,2156
2026-03-22T11:16:27+00:00,2.158,2158
2026-03-22T11:21:47+00:00,2.16,2160
2026-03-22T11:27:07+00:00,2.162,2162
2026-03-22T11:32:27+00:00,2.164,2164
2026-03-22T11:40:27+00:00,2.166,2166
2026-03-22T11:45:47+00:00,2.168,2168
2026-03-22T11:51:07+00:00,2.17,2170
2026-03-22T11:56:27+00:00,2.172,2172
2026-03-22T12:01:47+00:00,2.175,2175
2026-03-22T12:07:07+00:00,2.177,2177
2026-03-22T12:14:35+00:00,2.179,2179
2026-03-22T12:19:55+00:00,2.181,2181
2026-03-22T12:25:15+00:00,2.184,2184
2026-03-22T12:30:35+00:00,2.185,2185
2026-03-22T12:35:55+00:00,2.187,2187
2026-03-22T12:41:15+00:00,2.189,2189
2026-03-22T12:48:43+00:00,2.191,2191
2026-03-22T12:54:03+00:00,2.193,2193
2026-03-22T12:59:23+00:00,2.195,2195
2026-03-22T13:04:43+00:00,2.197,2197
2026-03-22T13:10:03+00:00,2.199,2199
2026-03-22T13:15:23+00:00,2.201,2201
2026-03-22T13:22:51+00:00,2.203,2203
2026-03-22T13:28:11+00:00,2.204,2204
2026-03-22T13:33:31+00:00,2.206,2206
2026-03-22T13:38:51+00:00,2.208,2208
2026-03-22T13:44:11+00:00,2.21,2210
2026-03-22T13:49:31+00:00,2.212,2212
2026-03-22T13:56:59+00:00,2.214,2214
2026-03-22T14:02:19+00:00,2.216,2216
2026-03-22T14:07:39+00:00,2.218,2218
2026-03-22T14:12:59+00:00,2.219,2219
2026-03-22T14:18:19+00:00,2.221,2221
2026-03-22T14:23:39+00:00,2.223,2223
2026-03-22T14:31:07+00:00,2.225,2225
2026-03-22T14:36:27+00:00,2.227,2227
2026-03-22T14:41:47+00:00,2.229,2229
2026-03-22T14:47:07+00:00,2.231,2231
2026-03-22T14:52:27+00:00,2.233,2233
2026-03-22T14:57:47+00:00,2.235,2235
2026-03-22T15:05:15+00:00,2.237,2237
2026-03-22T15:10:35+00:00,2.239,2239
2026-03-22T15:16:27+00:00,2.241,2241
2026-03-22T15:21:47+00:00,2.243,2243
2026-03-22T15:27:07+00:00,2.245,2245
2026-03-22T15:34:35+00:00,2.247,2247
2026-03-22T15:39:55+00:00,2.249,2249
2026-03-22T15:45:15+00:00,2.25,2250
2026-03-22T15:50:35+00:00,2.253,2253
2026-03-22T15:55:55+00:00,2.255,2255
2026-03-22T16:01:15+00:00,2.257,2257
2026-03-22T20:41:47+00:00,2.26,2260
2026-03-22T20:47:07+00:00,2.262,2262
2026-03-22T20:52:27+00:00,2.264,2264
2026-03-22T20:57:47+00:00,2.266,2266
2026-03-22T21:03:07+00:00,2.267,2267
2026-03-22T21:08:27+00:00,2.269,2269
2026-03-22T21:15:55+00:00,2.271,2271
2026-03-22T21:21:15+00:00,2.273,2273
2026-03-22T21:26:35+00:00,2.275,2275
2026-03-22T21:31:55+00:00,2.277,2277
2026-03-22T21:37:15+00:00,2.279,2279
2026-03-22T21:42:35+00:00,2.282,2282
2026-03-22T21:50:03+00:00,2.284,2284
2026-03-22T21:55:23+00:00,2.285,2285
2026-03-22T22:00:43+00:00,2.287,2287
2026-03-22T22:06:03+00:00,2.289,2289
2026-03-22T22:11:23+00:00,2.291,2291
2026-03-22T22:16:43+00:00,2.293,2293
2026-03-22T22:24:11+00:00,2.295,2295
2026-03-22T22:29:31+00:00,2.297,2297
2026-03-22T22:34:51+00:00,2.299,2299
2026-03-22T22:40:11+00:00,2.301,2301
2026-03-22T22:45:31+00:00,2.303,2303
2026-03-22T22:50:51+00:00,2.305,2305
2026-03-22T22:58:19+00:00,2.307,2307
2026-03-22T23:03:39+00:00,2.309,2309
2026-03-22T23:08:59+00:00,2.311,2311
2026-03-22T23:14:19+00:00,2.313,2313
2026-03-22T23:20:11+00:00,2.315,2315
2026-03-22T23:25:31+00:00,2.317,2317
2026-03-22T23:32:59+00:00,2.319,2319
2026-03-22T23:38:19+00:00,2.321,2321
2026-03-22T23:43:39+00:00,2.323,2323
2026-03-22T23:48:59+00:00,2.325,2325
2026-03-22T23:54:19+00:00,2.327,2327
2026-03-22T23:59:39+00:00,2.329,2329
2026-03-23T00:07:07+00:00,2.331,2331
2026-03-23T00:12:27+00:00,2.333,2333
2026-03-23T00:17:47+00:00,2.335,2335
2026-03-23T00:23:07+00:00,2.337,2337
2026-03-23T00:28:27+00:00,2.339,2339
2026-03-23T00:33:47+00:00,2.341,2341
2026-03-23T00:41:15+00:00,2.343,2343
2026-03-23T00:46:35+00:00,2.345,2345
2026-03-23T00:51:55+00:00,2.347,2347
2026-03-23T00:57:15+00:00,2.349,2349
2026-03-23T01:02:35+00:00,2.351,2351
2026-03-23T01:07:55+00:00,2.353,2353
2026-03-23T01:15:23+00:00,2.355,2355
2026-03-23T01:20:43+00:00,2.357,2357
2026-03-23T01:26:03+00:00,2.359,2359
2026-03-23T01:31:23+00:00,2.361,2361
2026-03-23T01:36:43+00:00,2.363,2363
2026-03-23T01:42:03+00:00,2.365,2365
2026-03-23T01:49:31+00:00,2.367,2367
2026-03-23T01:54:51+00:00,2.369,2369
2026-03-23T02:00:11+00:00,2.371,2371
2026-03-23T02:05:31+00:00,2.373,2373
2026-03-23T02:10:51+00:00,2.375,2375
2026-03-23T02:16:11+00:00,2.377,2377
2026-03-23T02:23:39+00:00,2.379,2379
2026-03-23T02:28:59+00:00,2.381,2381
2026-03-23T02:34:19+00:00,2.384,2384
2026-03-23T02:39:39+00:00,2.386,2386
2026-03-23T02:44:59+00:00,2.388,2388
2026-03-23T02:50:19+00:00,2.39,2390
2026-03-23T02:57:47+00:00,2.392,2392
2026-03-23T03:03:39+00:00,2.394,2394
2026-03-23T03:08:59+00:00,2.396,2396
2026-03-23T03:14:19+00:00,2.398,2398
2026-03-23T03:19:39+00:00,2.4,2400
2026-03-23T03:24:59+00:00,2.402,2402
2026-03-23T03:32:27+00:00,2.404,2404
2026-03-23T03:37:47+00:00,2.406,2406
2026-03-23T03:43:07+00:00,2.408,2408
2026-03-23T03:48:27+00:00,2.41,2410
2026-03-23T03:53:47+00:00,2.412,2412
2026-03-23T03:59:07+00:00,2.414,2414
2026-03-23T04:06:35+00:00,2.416,2416
2026-03-23T04:11:55+00:00,2.418,2418
2026-03-23T04:17:15+00:00,2.421,2421
2026-03-23T04:22:35+00:00,2.423,2423
2026-03-23T04:27:55+00:00,2.425,2425
2026-03-23T04:33:15+00:00,2.427,2427
2026-03-23T04:40:43+00:00,2.429,2429
2026-03-23T04:46:03+00:00,2.431,2431
2026-03-23T04:51:23+00:00,2.433,2433
2026-03-23T04:56:43+00:00,2.435,2435
2026-03-23T05:02:03+00:00,2.437,2437
2026-03-23T05:07:23+00:00,2.439,2439
2026-03-23T05:14:51+00:00,2.441,2441
2026-03-23T05:20:11+00:00,2.443,2443
2026-03-23T05:25:31+00:00,2.445,2445
2026-03-23T05:30:51+00:00,2.447,2447
2026-03-23T05:36:11+00:00,2.449,2449
2026-03-23T05:41:31+00:00,2.451,2451
2026-03-23T05:48:59+00:00,2.454,2454
2026-03-23T05:54:19+00:00,2.456,2456
2026-03-23T05:59:39+00:00,2.458,2458
2026-03-23T06:04:59+00:00,2.46,2460
2026-03-23T06:10:19+00:00,2.462,2462
2026-03-23T06:15:39+00:00,2.464,2464
2026-03-23T06:23:07+00:00,2.466,2466
2026-03-23T06:28:27+00:00,2.469,2469
2026-03-23T06:34:19+00:00,2.471,2471
2026-03-23T06:39:39+00:00,2.473,2473
2026-03-23T06:44:59+00:00,2.475,2475
2026-03-23T06:50:19+00:00,2.477,2477
2026-03-23T06:57:47+00:00,2.479,2479
2026-03-23T07:03:07+00:00,2.481,2481
2026-03-23T07:08:27+00:00,2.483,2483
2026-03-23T07:13:47+00:00,2.485,2485
2026-03-23T07:19:07+00:00,2.487,2487
2026-03-23T07:24:27+00:00,2.489,2489
2026-03-23T07:31:55+00:00,2.491,2491
2026-03-23T07:37:15+00:00,2.493,2493
2026-03-23T07:42:35+00:00,2.495,2495
2026-03-23T07:47:55+00:00,2.497,2497
2026-03-23T07:53:15+00:00,2.499,2499
2026-03-23T07:58:35+00:00,2.501,2501
2026-03-23T08:06:03+00:00,2.503,2503
2026-03-23T08:11:23+00:00,2.505,2505
2026-03-23T08:16:43+00:00,2.507,2507
2026-03-23T08:22:03+00:00,2.509,2509
2026-03-23T08:27:23+00:00,2.512,2512
2026-03-23T08:32:43+00:00,2.514,2514
2026-03-23T08:40:11+00:00,2.516,2516
2026-03-23T08:45:31+00:00,2.518,2518
2026-03-23T08:50:51+00:00,2.52,2520
2026-03-23T08:56:11+00:00,2.522,2522
2026-03-23T09:01:31+00:00,2.524,2524
2026-03-23T09:06:51+00:00,2.526,2526
2026-03-23T09:14:19+00:00,2.528,2528
2026-03-23T09:19:39+00:00,2.53,2530
2026-03-23T09:24:59+00:00,2.532,2532
2026-03-23T09:30:19+00:00,2.534,2534
2026-03-23T09:35:39+00:00,2.536,2536
2026-03-23T09:40:59+00:00,2.538,2538
2026-03-23T09:48:27+00:00,2.541,2541
2026-03-23T09:53:47+00:00,2.543,2543
2026-03-23T09:59:39+00:00,2.545,2545
2026-03-23T10:04:59+00:00,2.547,2547
2026-03-23T10:10:19+00:00,2.549,2549
2026-03-23T10:15:39+00:00,2.551,2551
2026-03-23T14:56:11+00:00,2.553,2553
2026-03-23T15:01:31+00:00,2.555,2555
2026-03-23T15:06:51+00:00,2.557,2557
2026-03-23T15:12:11+00:00,2.559,2559
2026-03-23T15:17:31+00:00,2.561,2561
2026-03-23T15:22:51+00:00,2.564,2564
2026-03-23T15:30:19+00:00,2.566,2566
2026-03-23T15:35:39+00:00,2.568,2568
2026-03-23T15:40:59+00:00,2.57,2570
2026-03-23T15:46:19+00:00,2.573,2573
2026-03-23T15:51:39+00:00,2.574,2574
2026-03-23T15:56:59+00:00,2.576,2576
2026-03-23T16:04:27+00:00,2.578,2578
2026-03-23T16:09:47+00:00,2.58,2580
2026-03-23T16:15:07+00:00,2.583,2583
2026-03-23T16:20:27+00:00,2.585,2585
2026-03-23T16:25:47+00:00,2.587,2587
2026-03-23T16:31:07+00:00,2.589,2589
2026-03-23T16:38:35+00:00,2.591,2591
2026-03-23T16:43:55+00:00,2.593,2593
2026-03-23T16:49:15+00:00,2.595,2595
2026-03-23T16:54:35+00:00,2.597,2597
2026-03-23T16:59:55+00:00,2.599,2599
2026-03-23T17:05:15+00:00,2.601,2601
2026-03-23T17:12:43+00:00,2.604,2604
2026-03-23T17:18:03+00:00,2.606,2606
2026-03-23T17:23:23+00:00,2.608,2608
2026-03-23T17:28:43+00:00,2.61,2610
2026-03-23T17:34:03+00:00,2.612,2612
2026-03-23T17:39:23+00:00,2.614,2614
2026-03-23T17:46:51+00:00,2.616,2616
2026-03-23T17:52:11+00:00,2.619,2619
2026-03-23T17:57:31+00:00,2.621,2621
2026-03-23T18:02:51+00:00,2.623,2623
2026-03-23T18:08:43+00:00,2.625,2625
2026-03-23T18:14:03+00:00,2.627,2627
2026-03-23T18:21:31+00:00,2.629,2629
2026-03-23T18:26:51+00:00,2.631,2631
2026-03-23T18:32:11+00:00,2.634,2634
2026-03-23T18:37:31+00:00,2.636,2636
2026-03-23T18:42:51+00:00,2.638,2638
2026-03-23T18:48:11+00:00,2.64,2640
2026-03-23T18:55:39+00:00,2.642,2642
2026-03-23T19:00:59+00:00,2.645,2645
2026-03-23T19:06:19+00:00,2.647,2647
2026-03-23T19:11:39+00:00,2.649,2649
2026-03-23T19:16:59+00:00,2.651,2651
2026-03-23T19:22:19+00:00,2.653,2653
2026-03-23T19:29:47+00:00,2.655,2655
2026-03-23T19:35:07+00:00,2.657,2657
2026-03-23T19:40:27+00:00,2.66,2660
2026-03-23T19:45:47+00:00,2.662,2662
2026-03-23T19:51:07+00:00,2.664,2664
2026-03-23T19:56:27+00:00,2.666,2666
2026-03-23T20:03:55+00:00,2.668,2668
2026-03-23T20:09:15+00:00,2.67,2670
2026-03-23T20:14:35+00:00,2.672,2672
2026-03-23T20:19:55+00:00,2.674,2674
2026-03-23T20:25:15+00:00,2.677,2677
2026-03-23T20:30:35+00:00,2.678,2678
2026-03-23T20:38:03+00:00,2.681,2681
2026-03-23T20:43:23+00:00,2.683,2683
2026-03-23T20:48:43+00:00,2.685,2685
2026-03-23T20:54:03+00:00,2.688,2688
2026-03-23T20:59:23+00:00,2.69,2690
2026-03-23T21:04:43+00:00,2.692,2692
2026-03-23T21:12:11+00:00,2.694,2694
2026-03-23T21:17:31+00:00,2.696,2696
2026-03-23T21:22:51+00:00,2.698,2698
2026-03-23T21:28:43+00:00,2.701,2701
2026-03-23T21:34:03+00:00,2.703,2703
2026-03-23T21:39:23+00:00,2.705,2705
2026-03-23T21:46:51+00:00,2.707,2707
2026-03-23T21:52:11+00:00,2.709,2709
2026-03-23T21:57:31+00:00,2.711,2711
2026-03-23T22:02:51+00:00,2.713,2713
2026-03-23T22:08:11+00:00,2.715,2715
2026-03-23T22:13:31+00:00,2.717,2717
2026-03-23T22:20:59+00:00,2.719,2719
2026-03-23T22:26:19+00:00,2.721,2721
2026-03-23T22:31:39+00:00,2.723,2723
2026-03-23T22:36:59+00:00,2.725,2725
2026-03-23T22:42:19+00:00,2.727,2727
2026-03-23T22:47:39+00:00,2.729,2729
2026-03-23T22:55:07+00:00,2.732,2732
2026-03-23T23:00:27+00:00,2.734,2734
2026-03-23T23:05:47+00:00,2.736,2736
2026-03-23T23:11:07+00:00,2.738,2738
2026-03-23T23:16:27+00:00,2.739,2739
2026-03-23T23:21:47+00:00,2.742,2742
2026-03-23T23:29:15+00:00,2.743,2743
2026-03-23T23:34:35+00:00,2.745,2745
2026-03-23T23:39:55+00:00,2.748,2748
2026-03-23T23:45:15+00:00,2.75,2750
2026-03-23T23:50:35+00:00,2.752,2752
2026-03-23T23:55:55+00:00,2.754,2754
2026-03-24T00:03:23+00:00,2.756,2756
2026-03-24T00:08:43+00:00,2.758,2758
2026-03-24T00:14:03+00:00,2.76,2760
2026-03-24T00:19:23+00:00,2.763,2763
2026-03-24T00:24:43+00:00,2.765,2765
2026-03-24T00:30:03+00:00,2.767,2767
2026-03-24T00:37:31+00:00,2.769,2769
2026-03-24T00:42:51+00:00,2.771,2771
2026-03-24T00:48:11+00:00,2.773,2773
2026-03-24T00:53:31+00:00,2.775,2775
2026-03-24T00:58:51+00:00,2.777,2777
2026-03-24T01:04:11+00:00,2.779,2779
2026-03-24T01:12:11+00:00,2.781,2781
2026-03-24T01:17:31+00:00,2.783,2783
2026-03-24T01:22:51+00:00,2.786,2786
2026-03-24T01:28:11+00:00,2.788,2788
2026-03-24T01:33:31+00:00,2.79,2790
2026-03-24T01:38:51+00:00,2.792,2792
2026-03-24T01:46:19+00:00,2.794,2794
2026-03-24T01:51:39+00:00,2.796,2796
2026-03-24T01:56:59+00:00,2.798,2798
2026-03-24T02:02:19+00:00,2.8,2800
2026-03-24T02:07:39+00:00,2.802,2802
2026-03-24T02:12:59+00:00,2.804,2804
2026-03-24T02:20:27+00:00,2.806,2806
2026-03-24T02:25:47+00:00,2.808,2808
2026-03-24T02:31:07+00:00,2.81,2810
2026-03-24T02:36:27+00:00,2.813,2813
2026-03-24T02:41:47+00:00,2.815,2815
2026-03-24T02:47:07+00:00,2.817,2817
2026-03-24T02:54:35+00:00,2.819,2819
2026-03-24T02:59:55+00:00,2.821,2821
2026-03-24T03:05:15+00:00,2.823,2823
2026-03-24T03:10:35+00:00,2.825,2825
2026-03-24T03:15:55+00:00,2.827,2827
2026-03-24T03:21:15+00:00,2.829,2829
2026-03-24T03:28:43+00:00,2.831,2831
2026-03-24T03:34:03+00:00,2.833,2833
2026-03-24T03:39:23+00:00,2.835,2835
2026-03-24T03:44:43+00:00,2.837,2837
2026-03-24T03:50:03+00:00,2.839,2839
2026-03-24T03:55:23+00:00,2.841,2841
2026-03-24T04:02:51+00:00,2.843,2843
2026-03-24T04:08:11+00:00,2.846,2846
2026-03-24T04:13:31+00:00,2.848,2848
2026-03-24T04:18:51+00:00,2.85,2850
2026-03-24T04:24:11+00:00,2.852,2852
2026-03-24T04:29:31+00:00,2.854,2854
2026-03-24T09:10:03+00:00,2.856,2856
2026-03-24T09:15:23+00:00,2.858,2858
2026-03-24T09:20:43+00:00,2.86,2860
2026-03-24T09:26:03+00:00,2.863,2863
2026-03-24T09:31:55+00:00,2.865,2865
2026-03-24T09:37:15+00:00,2.867,2867
2026-03-24T09:44:43+00:00,2.869,2869
2026-03-24T09:50:03+00:00,2.871,2871
2026-03-24T09:55:23+00:00,2.873,2873
2026-03-24T10:00:43+00:00,2.876,2876
2026-03-24T10:06:03+00:00,2.878,2878
2026-03-24T10:11:23+00:00,2.88,2880
2026-03-24T10:18:51+00:00,2.882,2882
2026-03-24T10:24:11+00:00,2.884,2884
2026-03-24T10:29:31+00:00,2.886,2886
2026-03-24T10:34:51+00:00,2.889,2889
2026-03-24T10:40:11+00:00,2.89,2890
2026-03-24T10:45:31+00:00,2.892,2892
2026-03-24T10:52:59+00:00,2.895,2895
2026-03-24T10:58:19+00:00,2.897,2897
2026-03-24T11:03:39+00:00,2.899,2899
2026-03-24T11:08:59+00:00,2.901,2901
2026-03-24T11:14:19+00:00,2.903,2903
2026-03-24T11:19:39+00:00,2.905,2905
2026-03-24T11:27:07+00:00,2.907,2907
2026-03-24T11:32:27+00:00,2.909,2909
2026-03-24T11:37:47+00:00,2.911,2911
2026-03-24T11:43:07+00:00,2.913,2913
2026-03-24T11:48:27+00:00,2.915,2915
2026-03-24T11:53:47+00:00,2.917,2917
2026-03-24T12:01:15+00:00,2.919,2919
2026-03-24T12:06:35+00:00,2.921,2921
2026-03-24T12:11:55+00:00,2.923,2923
2026-03-24T12:17:15+00:00,2.925,2925
2026-03-24T12:22:35+00:00,2.927,2927
2026-03-24T12:27:55+00:00,2.929,2929
2026-03-24T12:35:23+00:00,2.931,2931
2026-03-24T12:40:43+00:00,2.933,2933
2026-03-24T12:46:03+00:00,2.935,2935
2026-03-24T12:51:23+00:00,2.937,2937
2026-03-24T12:56:43+00:00,2.938,2938
2026-03-24T13:02:03+00:00,2.941,2941
2026-03-24T13:09:31+00:00,2.943,2943
2026-03-24T13:15:23+00:00,2.945,2945
2026-03-24T13:20:43+00:00,2.947,2947
2026-03-24T13:26:03+00:00,2.949,2949
2026-03-24T13:31:23+00:00,2.951,2951
2026-03-24T13:36:43+00:00,2.953,2953
2026-03-24T13:44:11+00:00,2.955,2955
2026-03-24T13:49:31+00:00,2.957,2957
2026-03-24T13:54:51+00:00,2.959,2959
2026-03-24T14:00:11+00:00,2.962,2962
2026-03-24T14:05:31+00:00,2.964,2964
2026-03-24T14:10:51+00:00,2.966,2966
2026-03-24T14:18:19+00:00,2.968,2968
2026-03-24T14:23:39+00:00,2.97,2970
2026-03-24T14:28:59+00:00,2.972,2972
2026-03-24T14:34:19+00:00,2.974,2974
2026-03-24T14:39:39+00:00,2.976,2976
2026-03-24T14:44:59+00:00,2.978,2978
2026-03-24T14:52:27+00:00,2.98,2980
2026-03-24T14:57:47+00:00,2.982,2982
2026-03-24T15:03:07+00:00,2.985,2985
2026-03-24T15:08:27+00:00,2.986,2986
2026-03-24T15:13:47+00:00,2.988,2988
2026-03-24T15:19:07+00:00,2.99,2990
2026-03-24T15:26:35+00:00,2.992,2992
2026-03-24T15:31:55+00:00,2.995,2995
2026-03-24T15:37:15+00:00,2.997,2997
2026-03-24T15:42:35+00:00,2.999,2999
2026-03-24T15:47:55+00:00,3.001,3001
2026-03-24T15:53:15+00:00,3.003,3003
2026-03-24T16:00:43+00:00,3.005,3005
2026-03-24T16:06:03+00:00,3.007,3007
2026-03-24T16:11:23+00:00,3.009,3009
2026-03-24T16:16:43+00:00,3.011,3011
2026-03-24T16:22:03+00:00,3.014,3014
2026-03-24T16:27:23+00:00,3.016,3016
2026-03-24T16:34:51+00:00,3.018,3018
2026-03-24T16:40:11+00:00,3.02,3020
2026-03-24T16:45:31+00:00,3.022,3022
2026-03-24T16:51:23+00:00,3.024,3024
2026-03-24T16:56:43+00:00,3.026,3026
2026-03-24T17:04:11+00:00,3.028,3028
2026-03-24T17:09:31+00:00,3.03,3030
2026-03-24T17:14:51+00:00,3.032,3032
2026-03-24T17:20:11+00:00,3.034,3034
2026-03-24T17:25:31+00:00,3.036,3036
2026-03-24T17:30:51+00:00,3.038,3038
2026-03-24T17:38:19+00:00,3.041,3041
2026-03-24T17:43:39+00:00,3.043,3043
2026-03-24T17:48:59+00:00,3.045,3045
2026-03-24T17:54:19+00:00,3.047,3047
2026-03-24T17:59:39+00:00,3.05,3050
2026-03-24T18:04:59+00:00,3.052,3052
2026-03-24T18:12:27+00:00,3.054,3054
2026-03-24T18:17:47+00:00,3.056,3056
2026-03-24T18:23:07+00:00,3.059,3059
2026-03-24T18:28:27+00:00,3.061,3061
2026-03-24T18:33:47+00:00,3.063,3063
2026-03-24T18:39:07+00:00,3.065,3065
2026-03-24T18:46:35+00:00,3.067,3067
2026-03-24T18:51:55+00:00,3.069,3069
2026-03-24T18:57:15+00:00,3.071,3071
2026-03-24T19:02:35+00:00,3.073,3073
2026-03-24T19:07:55+00:00,3.075,3075
2026-03-24T19:13:15+00:00,3.078,3078
2026-03-24T19:20:43+00:00,3.079,3079
2026-03-24T19:26:03+00:00,3.082,3082
2026-03-24T19:31:23+00:00,3.084,3084
2026-03-24T19:36:43+00:00,3.086,3086
2026-03-24T19:42:03+00:00,3.089,3089
2026-03-24T19:47:23+00:00,3.091,3091
2026-03-24T19:54:51+00:00,3.093,3093
2026-03-24T20:00:11+00:00,3.094,3094
2026-03-24T20:05:31+00:00,3.096,3096
2026-03-24T20:10:51+00:00,3.099,3099
2026-03-24T20:16:11+00:00,3.101,3101
2026-03-24T20:21:31+00:00,3.104,3104
2026-03-24T20:29:31+00:00,3.106,3106
2026-03-24T20:34:51+00:00,3.108,3108
2026-03-24T20:40:11+00:00,3.11,3110
2026-03-24T20:45:31+00:00,3.112,3112
2026-03-24T20:50:51+00:00,3.114,3114
2026-03-24T20:56:11+00:00,3.116,3116
2026-03-24T21:03:39+00:00,3.118,3118
2026-03-24T21:08:59+00:00,3.12,3120
2026-03-24T21:14:19+00:00,3.122,3122
2026-03-24T21:19:39+00:00,3.124,3124
2026-03-24T21:24:59+00:00,3.127,3127
