"12","34","NLP","NETWORK","NLP_CRIME","33.8001899","-117.2206042","33.8004612","-117.2202714","43.078","141.33","7.644","25.08","04/05/2026 12:57:19","04/05/2026 12:57:25","5.806","","","1775422639938","1775422645744","Fix,NLP,33.8004612000,-117.2202714000,405.5,,22.478,,1775422645744,,,3157491000000,1.0,0,,,","33.80047585","-117.22027869","311","480","11268","11297539","-102","LTE","LTE","5230","242","1.8","33.80047585,-117.22027869,399,311,480,11268,11297539,-102,LTE,LTE,5230,242"
"20","53","NLP","NETWORK","NLP_CRIME","33.8004612","-117.2202714","33.8001485","-117.2206398","48.66","159.64","43.999","144.36","04/05/2026 12:57:25","04/05/2026 12:57:32","7.235","","","1775422645744","1775422652979","Fix,NLP,33.8001485000,-117.2206398000,405.5,,23.839,,1775422652979,,,3164726000000,1.0,0,,,","33.80036954","-117.22042412","311","480","11268","11320577","-106","LTE","LTE","5230","111","31.6","33.80036954,-117.22042412,406,311,480,11268,11320577,-106,LTE,LTE,5230,111"
"28","72","NLP","NETWORK","NLP_CRIME","33.8001485","-117.2206398","33.8002452","-117.2201339","47.966","157.37","31.796","104.32","04/05/2026 12:57:32","04/05/2026 12:57:40","7.245","","","1775422652979","1775422660224","Fix,NLP,33.8002452000,-117.2201339000,405.5,,28.456,,1775422660224,,,3171971000000,1.0,0,,,","33.80034741","-117.22033806","311","480","11268","11297570","-98","LTE","LTE","1000","242","22","33.80034741,-117.22033806,403,311,480,11268,11297570,-98,LTE,LTE,1000,242"
"37","92","NLP","NETWORK","NLP_CRIME","33.8002452","-117.2201339","33.8001837","-117.2201179","6.996","22.95","38.135","125.12","04/05/2026 12:57:40","04/05/2026 12:57:47","7.259","","","1775422660224","1775422667483","Fix,NLP,33.8001837000,-117.2201179000,405.5,,44.659,,1775422667483,,,3179230000000,1.0,0,,,","33.80034741","-117.22033806","311","480","11268","11297570","-98","LTE","LTE","1000","242","27.3","33.80034741,-117.22033806,403,311,480,11268,11297570,-98,LTE,LTE,1000,242"
"45","108","NLP","NETWORK","NLP_CRIME","33.8001837","-117.2201179","33.8001987","-117.2206651","50.589","165.98","41.269","135.4","04/05/2026 12:57:47","04/05/2026 12:57:54","7.262","","","1775422667483","1775422674745","Fix,NLP,33.8001987000,-117.2206651000,405.5,,36.978,,1775422674745,,,3186492000000,1.0,0,,,","33.80036954","-117.22042412","311","480","11268","11320577","-106","LTE","LTE","5230","111","29.3","33.80036954,-117.22042412,406,311,480,11268,11320577,-106,LTE,LTE,5230,111"
"53","127","NLP","NETWORK","NLP_CRIME","33.8001987","-117.2206651","33.8002494","-117.2201828","44.92","147.38","28.722","94.23","04/05/2026 12:57:54","04/05/2026 12:58:01","7.183","","","1775422674745","1775422681928","Fix,NLP,33.8002494000,-117.2201828000,405.5,,27.426,,1775422681928,,,3193675000000,1.0,0,,,","33.80034741","-117.22033806","311","480","11268","11297570","-98","LTE","LTE","1000","242","18","33.80034741,-117.22033806,403,311,480,11268,11297570,-98,LTE,LTE,1000,242"
"61","142","NLP","NETWORK","NLP_CRIME","33.8002494","-117.2201828","33.8004822","-117.2202424","26.465","86.83","10.488","34.41","04/05/2026 12:58:01","04/05/2026 12:58:09","7.131","","","1775422681928","1775422689059","Fix,NLP,33.8004822000,-117.2202424000,405.5,,24.617,,1775422689059,,,3200806000000,1.0,0,,,","33.80047585","-117.22027869","311","480","11268","11297539","-102","LTE","LTE","5230","242","3.4","33.80047585,-117.22027869,399,311,480,11268,11297539,-102,LTE,LTE,5230,242"
"69","159","NLP","NETWORK","NLP_CRIME","33.8004822","-117.2202424","33.8004072","-117.2201639","11.053","36.26","18.704","61.37","04/05/2026 12:58:11","04/05/2026 12:58:16","4.557","","","1775422691707","1775422696264","Fix,NLP,33.8004072000,-117.2201639000,405.5,,24.391,,1775422696264,,,3208011000000,1.0,0,,,","33.80047585","-117.22027869","311","480","11268","11297539","-102","LTE","LTE","5230","242","13.1","33.80047585,-117.22027869,399,311,480,11268,11297539,-102,LTE,LTE,5230,242"
"77","175","NLP","NETWORK","NLP_CRIME","33.8004072","-117.2201639","33.8001449","-117.2202797","31.067","101.93","36.25","118.93","04/05/2026 12:58:16","04/05/2026 12:58:23","6.82","","","1775422696264","1775422703084","Fix,NLP,33.8001449000,-117.2202797000,405.5,,43.623,,1775422703084,,,3214831000000,1.0,0,,,","33.80034741","-117.22033806","311","480","11268","11297570","-98","LTE","LTE","1000","242","23.2","33.80034741,-117.22033806,403,311,480,11268,11297570,-98,LTE,LTE,1000,242"
"84","189","NLP","NETWORK","NLP_CRIME","33.8001449","-117.2202797","33.8001684","-117.2206655","35.744","117.27","43.774","143.62","04/05/2026 12:58:23","04/05/2026 12:58:28","5.744","","","1775422703084","1775422708828","Fix,NLP,33.8001684000,-117.2206655000,405.5,,40.152,,1775422708828,,,3220575000000,1.0,0,,,","33.80036954","-117.22042412","311","480","11268","11320577","-106","LTE","LTE","5230","111","31.6","33.80036954,-117.22042412,406,311,480,11268,11320577,-106,LTE,LTE,5230,111"
"92","209","NLP","NETWORK","NLP_CRIME","33.8001684","-117.2206655","33.8002018","-117.2206036","6.82","22.37","37.262","122.25","04/05/2026 12:58:28","04/05/2026 12:58:36","7.175","","","1775422708828","1775422716003","Fix,NLP,33.8002018000,-117.2206036000,405.5,,49.921,,1775422716003,,,3227750000000,1.0,0,,,","33.80036954","-117.22042412","311","480","11268","11320577","-106","LTE","LTE","5230","111","25","33.80036954,-117.22042412,406,311,480,11268,11320577,-106,LTE,LTE,5230,111"
"100","225","NLP","NETWORK","NLP_CRIME","33.8002018","-117.2206036","33.8004891","-117.2202613","44.955","147.49","8.975","29.45","04/05/2026 12:58:36","04/05/2026 12:58:43","7.263","","","1775422716003","1775422723266","Fix,NLP,33.8004891000,-117.2202613000,405.5,,20.66,,1775422723266,,,3235013000000,1.0,0,,,","33.80047585","-117.22027869","311","480","11268","11297539","-102","LTE","LTE","5230","242","2.2","33.80047585,-117.22027869,399,311,480,11268,11297539,-102,LTE,LTE,5230,242"
"109","243","NLP","NETWORK","NLP_CRIME","33.8004891","-117.2202613","33.8005402","-117.2202316","6.31","20.7","14.065","46.15","04/05/2026 12:58:43","04/05/2026 12:58:50","7.271","","","1775422723266","1775422730537","Fix,NLP,33.8005402000,-117.2202316000,405.5,,25.38,,1775422730537,,,3242284000000,1.0,0,,,","33.80047585","-117.22027869","311","480","11268","11297539","-102","LTE","LTE","5230","242","8.4","33.80047585,-117.22027869,399,311,480,11268,11297539,-102,LTE,LTE,5230,242"
"116","256","NLP","NETWORK","NLP_CRIME","33.8005402","-117.2202316","33.8002324","-117.2204398","39.262","128.81","27.052","88.75","04/05/2026 12:58:50","04/05/2026 12:58:57","6.823","","","1775422730537","1775422737360","Fix,NLP,33.8002324000,-117.2204398000,405.5,,41.58,,1775422737360,,,3249107000000,1.0,0,,,","33.80036954","-117.22042412","311","480","11268","11320577","-106","LTE","LTE","5230","111","15.3","33.80036954,-117.22042412,406,311,480,11268,11320577,-106,LTE,LTE,5230,111"
"125","276","NLP","NETWORK","NLP_CRIME","33.8002324","-117.2204398","33.8005069","-117.220244","35.482","116.41","11.181","36.68","04/05/2026 12:58:57","04/05/2026 12:59:04","7.2","","","1775422737360","1775422744560","Fix,NLP,33.8005069000,-117.2202440000,405.5,,24.78,,1775422744560,,,3256307000000,1.0,0,,,","33.80047585","-117.22027869","311","480","11268","11297539","-102","LTE","LTE","5230","242","4.7","33.80047585,-117.22027869,399,311,480,11268,11297539,-102,LTE,LTE,5230,242"
"139","308","NLP","NETWORK","NLP_CRIME","33.8005081","-117.2202349","33.8003267","-117.2204013","25.363","83.21","15.987","52.45","04/05/2026 12:59:11","04/05/2026 12:59:17","5.807","","","1775422751738","1775422757545","Fix,NLP,33.8003267000,-117.2204013000,405.5,,37.367,,1775422757545,,,3269292000000,1.0,0,,,","33.80036954","-117.22042412","311","480","11268","11320577","-106","LTE","LTE","5230","111","5.2","33.80036954,-117.22042412,406,311,480,11268,11320577,-106,LTE,LTE,5230,111"
"147","324","NLP","NETWORK","NLP_CRIME","33.8003267","-117.2204013","33.8001494","-117.2206596","30.957","101.56","45.043","147.78","04/05/2026 12:59:17","04/05/2026 12:59:24","7.194","","","1775422757545","1775422764739","Fix,NLP,33.8001494000,-117.2206596000,405.5,,27.619,,1775422764739,,,3276486000000,1.0,0,,,","33.80036954","-117.22042412","311","480","11268","11320577","-106","LTE","LTE","5230","111","32.8","33.80036954,-117.22042412,406,311,480,11268,11320577,-106,LTE,LTE,5230,111"
"155","341","NLP","NETWORK","NLP_ANOMALY","33.8001494","-117.2206596","33.8001639","-117.2206095","4.902","16.08","40.967","134.41","04/05/2026 12:59:27","04/05/2026 12:59:32","4.607","","","1775422767422","1775422772029","Fix,NLP,33.8001639000,-117.2206095000,405.5,,23.289,,1775422772029,,,3283776000000,1.0,0,,,","33.80036954","-117.22042412","311","480","11268","11320577","-106","LTE","LTE","5230","111","28.6","33.80036954,-117.22042412,406,311,480,11268,11320577,-106,LTE,LTE,5230,111"
"171","378","NLP","NETWORK","NLP_ANOMALY","33.8001718","-117.2206085","33.8001948","-117.2205869","3.244","10.64","36.957","121.25","04/05/2026 12:59:39","04/05/2026 12:59:46","7.25","","","1775422779294","1775422786544","Fix,NLP,33.8001948000,-117.2205869000,405.5,,39.994,,1775422786544,,,3298291000000,1.0,0,,,","33.80036954","-117.22042412","311","480","11268","11320577","-106","LTE","LTE","5230","111","24.6","33.80036954,-117.22042412,406,311,480,11268,11320577,-106,LTE,LTE,5230,111"
"178","392","NLP","NETWORK","NLP_CRIME","33.8001948","-117.2205869","33.8001641","-117.2206471","6.526","21.41","43.046","141.23","04/05/2026 12:59:46","04/05/2026 12:59:53","6.83","","","1775422786544","1775422793374","Fix,NLP,33.8001641000,-117.2206471000,405.5,,36.456,,1775422793374,,,3305121000000,1.0,0,,,","33.80036954","-117.22042412","311","480","11268","11320577","-106","LTE","LTE","5230","111","30.8","33.80036954,-117.22042412,406,311,480,11268,11320577,-106,LTE,LTE,5230,111"
"186","408","NLP","NETWORK","NLP_CRIME","33.8001641","-117.2206471","33.8003961","-117.2202991","41.225","135.25","9.189","30.15","04/05/2026 12:59:53","04/05/2026 13:00:00","7.103","","","1775422793374","1775422800477","Fix,NLP,33.8003961000,-117.2202991000,405.5,,27.78,,1775422800477,,,3312224000000,1.0,0,,,","33.8004258","-117.22032593","311","480","11268","11297570","-101","LTE","LTE","1000","242","4.1","33.8004258,-117.22032593,411,311,480,11268,11297570,-101,LTE,LTE,1000,242"
"195","426","NLP","NETWORK","NLP_CRIME","33.8003961","-117.2202991","33.8003613","-117.2203733","7.873","25.83","11.668","38.28","04/05/2026 13:00:00","04/05/2026 13:00:07","7.168","","","1775422800477","1775422807645","Fix,NLP,33.8003613000,-117.2203733000,405.5,,38.685,,1775422807645,,,3319392000000,1.0,0,,,","33.80037743","-117.22038221","311","480","11268","11297568","-106","LTE","LTE","66586","242","2","33.80037743,-117.22038221,401,311,480,11268,11297568,-106,LTE,LTE,66586,242"
"203","441","NLP","NETWORK","NLP_CRIME","33.8003613","-117.2203733","33.8001902","-117.2206005","28.332","92.95","38.111","125.04","04/05/2026 13:00:07","04/05/2026 13:00:14","7.271","","","1775422807645","1775422814916","Fix,NLP,33.8001902000,-117.2206005000,405.5,,43.539,,1775422814916,,,3326663000000,1.0,0,,,","33.80036954","-117.22042412","311","480","11268","11320577","-106","LTE","LTE","5230","111","25.8","33.80036954,-117.22042412,406,311,480,11268,11320577,-106,LTE,LTE,5230,111"
"218","475","NLP","NETWORK","NLP_ANOMALY","33.8001902","-117.2206005","33.8002013","-117.2205792","2.323","7.62","35.955","117.96","04/05/2026 13:00:21","04/05/2026 13:00:28","7.416","","","1775422821114","1775422828530","Fix,NLP,33.8002013000,-117.2205792000,405.5,,38.121,,1775422828530,,,3340277000000,1.0,0,,,","33.80036954","-117.22042412","311","480","11268","11320577","-106","LTE","LTE","5230","111","23.6","33.80036954,-117.22042412,406,311,480,11268,11320577,-106,LTE,LTE,5230,111"
"225","488","NLP","NETWORK","NLP_CRIME","33.8002013","-117.2205792","33.8005073","-117.2202665","44.638","146.45","9.354","30.69","04/05/2026 13:00:28","04/05/2026 13:00:35","6.827","","","1775422828530","1775422835357","Fix,NLP,33.8005073000,-117.2202665000,405.5,,21.202,,1775422835357,,,3347104000000,1.0,0,,,","33.80047585","-117.22027869","311","480","11268","11297539","-102","LTE","LTE","5230","242","3.7","33.80047585,-117.22027869,399,311,480,11268,11297539,-102,LTE,LTE,5230,242"
"234","507","NLP","NETWORK","NLP_CRIME","33.8005073","-117.2202665","33.8002275","-117.2204409","35.038","114.95","27.603","90.56","04/05/2026 13:00:38","04/05/2026 13:00:42","4.577","","","1775422838002","1775422842579","Fix,NLP,33.8002275000,-117.2204409000,405.5,,42.505,,1775422842579,,,3354326000000,1.0,0,,,","33.80036954","-117.22042412","311","480","11268","11320577","-106","LTE","LTE","5230","111","15.9","33.80036954,-117.22042412,406,311,480,11268,11320577,-106,LTE,LTE,5230,111"
"241","520","NLP","NETWORK","NLP_CRIME","33.8002275","-117.2204409","33.8002584","-117.220235","19.333","63.43","25.469","83.56","04/05/2026 13:00:42","04/05/2026 13:00:49","6.82","","","1775422842579","1775422849399","Fix,NLP,33.8002584000,-117.2202350000,405.5,,40.812,,1775422849399,,,3361146000000,1.0,0,,,","33.80034741","-117.22033806","311","480","11268","11297570","-98","LTE","LTE","1000","242","13.7","33.80034741,-117.22033806,403,311,480,11268,11297570,-98,LTE,LTE,1000,242"
"249","535","NLP","NETWORK","NLP_CRIME","33.8002584","-117.220235","33.8001466","-117.2206444","39.819","130.64","44.424","145.75","04/05/2026 13:00:49","04/05/2026 13:00:56","6.786","","","1775422849399","1775422856185","Fix,NLP,33.8001466000,-117.2206444000,405.5,,21.546,,1775422856185,,,3367932000000,1.0,0,,,","33.80036954","-117.22042412","311","480","11268","11320577","-106","LTE","LTE","5230","111","32.1","33.80036954,-117.22042412,406,311,480,11268,11320577,-106,LTE,LTE,5230,111"
"257","551","NLP","NETWORK","NLP_CRIME","33.8001466","-117.2206444","33.8002819","-117.2201795","45.516","149.33","25.971","85.21","04/05/2026 13:00:56","04/05/2026 13:01:03","7.193","","","1775422856185","1775422863378","Fix,NLP,33.8002819000,-117.2201795000,405.5,,42.353,,1775422863378,,,3375125000000,1.0,0,,,","33.80034741","-117.22033806","311","480","11268","11297570","-98","LTE","LTE","1000","242","16.4","33.80034741,-117.22033806,403,311,480,11268,11297570,-98,LTE,LTE,1000,242"
"272","584","NLP","NETWORK","NLP_CRIME","33.8002819","-117.2201795","33.8004565","-117.2201726","19.425","63.73","16.788","55.08","04/05/2026 13:01:09","04/05/2026 13:01:16","7.431","","","1775422869526","1775422876957","Fix,NLP,33.8004565000,-117.2201726000,405.5,,29.336,,1775422876957,,,3388704000000,1.0,0,,,","33.80047585","-117.22027869","311","480","11268","11297539","-102","LTE","LTE","5230","242","10","33.80047585,-117.22027869,399,311,480,11268,11297539,-102,LTE,LTE,5230,242"
"280","600","NLP","NETWORK","NLP_CRIME","33.8004565","-117.2201726","33.8005189","-117.2201721","6.939","22.76","17.844","58.54","04/05/2026 13:01:16","04/05/2026 13:01:23","6.862","","","1775422876957","1775422883819","Fix,NLP,33.8005189000,-117.2201721000,405.5,,23.748,,1775422883819,,,3395566000000,1.0,0,,,","33.80047585","-117.22027869","311","480","11268","11297539","-102","LTE","LTE","5230","242","11","33.80047585,-117.22027869,399,311,480,11268,11297539,-102,LTE,LTE,5230,242"
"288","616","NLP","NETWORK","NLP_CRIME","33.8005189","-117.2201721","33.8003724","-117.2201716","16.29","53.45","19.75","64.8","04/05/2026 13:01:23","04/05/2026 13:01:30","6.732","","","1775422883819","1775422890551","Fix,NLP,33.8003724000,-117.2201716000,405.5,,30.829,,1775422890551,,,3402298000000,1.0,0,,,","33.80047585","-117.22027869","311","480","11268","11297539","-102","LTE","LTE","5230","242","15.2","33.80047585,-117.22027869,399,311,480,11268,11297539,-102,LTE,LTE,5230,242"
"303","651","NLP","NETWORK","NLP_CRIME","33.8003724","-117.2201716","33.8005078","-117.2202248","15.838","51.96","12.852","42.16","04/05/2026 13:01:36","04/05/2026 13:01:44","7.868","","","1775422896648","1775422904516","Fix,NLP,33.8005078000,-117.2202248000,405.5,,19.53,,1775422904516,,,3416263000000,1.0,0,,,","33.80047585","-117.22027869","311","480","11268","11297539","-102","LTE","LTE","5230","242","6.1","33.80047585,-117.22027869,399,311,480,11268,11297539,-102,LTE,LTE,5230,242"
"311","667","NLP","NETWORK","NLP_ANOMALY","33.8005078","-117.2202248","33.8004862","-117.2201921","3.86","12.66","15.144","49.69","04/05/2026 13:01:44","04/05/2026 13:01:51","7.173","","","1775422904516","1775422911689","Fix,NLP,33.8004862000,-117.2201921000,405.5,,27.729,,1775422911689,,,3423436000000,1.0,0,,,","33.80047585","-117.22027869","311","480","11268","11297539","-102","LTE","LTE","5230","242","8.1","33.80047585,-117.22027869,399,311,480,11268,11297539,-102,LTE,LTE,5230,242"
"319","683","NLP","NETWORK","NLP_ANOMALY","33.8004862","-117.2201921","33.8004677","-117.2202014","2.229","7.31","14.104","46.27","04/05/2026 13:01:54","04/05/2026 13:01:58","4.482","","","1775422914362","1775422918844","Fix,NLP,33.8004677000,-117.2202014000,405.5,,27.399,,1775422918844,,,3430591000000,1.0,0,,,","33.80047585","-117.22027869","311","480","11268","11297539","-102","LTE","LTE","5230","242","7.2","33.80047585,-117.22027869,399,311,480,11268,11297539,-102,LTE,LTE,5230,242"
"327","699","NLP","NETWORK","NLP_ANOMALY","33.8004677","-117.2202014","33.8005113","-117.220229","5.478","17.97","12.646","41.49","04/05/2026 13:01:58","04/05/2026 13:02:06","7.183","","","1775422918844","1775422926027","Fix,NLP,33.8005113000,-117.2202290000,405.5,,19.355,,1775422926027,,,3437774000000,1.0,0,,,","33.80047585","-117.22027869","311","480","11268","11297539","-102","LTE","LTE","5230","242","6.1","33.80047585,-117.22027869,399,311,480,11268,11297539,-102,LTE,LTE,5230,242"
"335","715","NLP","NETWORK","NLP_CRIME","33.8005113","-117.220229","33.8001736","-117.2206107","51.517","169.02","40.156","131.75","04/05/2026 13:02:06","04/05/2026 13:02:12","6.822","","","1775422926027","1775422932849","Fix,NLP,33.8001736000,-117.2206107000,405.5,,21.878,,1775422932849,,,3444596000000,1.0,0,,,","33.80036954","-117.22042412","311","480","11268","11320577","-106","LTE","LTE","5230","111","27.8","33.80036954,-117.22042412,406,311,480,11268,11320577,-106,LTE,LTE,5230,111"
"343","731","NLP","NETWORK","NLP_CRIME","33.8001736","-117.2206107","33.800285","-117.2202263","37.617","123.42","23.234","76.23","04/05/2026 13:02:12","04/05/2026 13:02:20","7.206","","","1775422932849","1775422940055","Fix,NLP,33.8002850000,-117.2202263000,405.5,,29.936,,1775422940055,,,3451802000000,1.0,0,,,","33.80034741","-117.22033806","311","480","11268","11297570","-98","LTE","LTE","1000","242","12.4","33.80034741,-117.22033806,403,311,480,11268,11297570,-98,LTE,LTE,1000,242"
"351","747","NLP","NETWORK","NLP_CRIME","33.800285","-117.2202263","33.8005209","-117.2202601","26.416","86.67","10.673","35.02","04/05/2026 13:02:20","04/05/2026 13:02:27","7.266","","","1775422940055","1775422947321","Fix,NLP,33.8005209000,-117.2202601000,405.5,,19.799,,1775422947321,,,3459068000000,1.0,0,,,","33.80047585","-117.22027869","311","480","11268","11297539","-102","LTE","LTE","5230","242","5.3","33.80047585,-117.22027869,399,311,480,11268,11297539,-102,LTE,LTE,5230,242"
"360","765","NLP","NETWORK","NLP_CRIME","33.8005209","-117.2202601","33.800197","-117.2205655","45.755","150.11","35.637","116.92","04/05/2026 13:02:27","04/05/2026 13:02:34","7.179","","","1775422947321","1775422954500","Fix,NLP,33.8001970000,-117.2205655000,405.5,,39.836,,1775422954500,,,3466247000000,1.0,0,,,","33.80036954","-117.22042412","311","480","11268","11320577","-106","LTE","LTE","5230","111","23.2","33.80036954,-117.22042412,406,311,480,11268,11320577,-106,LTE,LTE,5230,111"
"369","787","NLP","NETWORK","NLP_ANOMALY","33.800197","-117.2205655","33.8002343","-117.2205285","5.375","17.63","30.299","99.41","04/05/2026 13:02:40","04/05/2026 13:02:44","4.616","","","1775422960248","1775422964864","Fix,NLP,33.8002343000,-117.2205285000,405.5,,46.8872,,1775422964864,,,3477283682578,2.4273,0,,,","33.80036954","-117.22042412","311","480","11268","11320577","-106","LTE","LTE","5230","111","17.9","33.80036954,-117.22042412,406,311,480,11268,11320577,-106,LTE,LTE,5230,111"
"376","804","NLP","NETWORK","NLP_CRIME","33.8002343","-117.2205285","33.8005144","-117.2202284","41.701","136.81","12.84","42.13","04/05/2026 13:02:46","04/05/2026 13:02:48","2.273","","","1775422966491","1775422968764","Fix,NLP,33.8005144000,-117.2202284000,405.5,,16.577,,1775422968764,,,3480511000000,1.196716,0,,,","33.80047585","-117.22027869","311","480","11268","11297539","-102","LTE","LTE","5230","242","6.3","33.80047585,-117.22027869,399,311,480,11268,11297539,-102,LTE,LTE,5230,242"
"384","821","NLP","NETWORK","NLP_ANOMALY","33.8005144","-117.2202284","33.8004918","-117.2201921","4.191","13.75","15.254","50.04","04/05/2026 13:02:48","04/05/2026 13:02:55","6.814","","","1775422968764","1775422975578","Fix,NLP,33.8004918000,-117.2201921000,405.5,,26.183,,1775422975578,,,3487325000000,1.0,0,,,","33.80047585","-117.22027869","311","480","11268","11297539","-102","LTE","LTE","5230","242","8.2","33.80047585,-117.22027869,399,311,480,11268,11297539,-102,LTE,LTE,5230,242"
"391","837","NLP","NETWORK","NLP_ANOMALY","33.8004918","-117.2201921","33.8005264","-117.2202339","5.452","17.89","13.029","42.75","04/05/2026 13:02:55","04/05/2026 13:03:02","6.826","","","1775422975578","1775422982404","Fix,NLP,33.8005264000,-117.2202339000,405.5,,20.784,,1775422982404,,,3494151000000,1.0,0,,,","33.80047585","-117.22027869","311","480","11268","11297539","-102","LTE","LTE","5230","242","7","33.80047585,-117.22027869,399,311,480,11268,11297539,-102,LTE,LTE,5230,242"
"400","857","NLP","NETWORK","NLP_CRIME","33.8005264","-117.2202339","33.8003511","-117.2203516","22.321","73.23","12.667","41.56","04/05/2026 13:03:02","04/05/2026 13:03:09","7.229","","","1775422982404","1775422989633","Fix,NLP,33.8003511000,-117.2203516000,405.5,,28.825,,1775422989633,,,3501380000000,1.0,0,,,","33.80035408","-117.22034382","311","480","11268","11297570","-103","LTE","LTE","1000","242","0.8","33.80035408,-117.22034382,404,311,480,11268,11297570,-103,LTE,LTE,1000,242"
"407","871","NLP","NETWORK","NLP_CRIME","33.8003511","-117.2203516","33.8001657","-117.2201953","25.171","82.58","36.368","119.32","04/05/2026 13:03:09","04/05/2026 13:03:16","6.802","","","1775422989633","1775422996435","Fix,NLP,33.8001657000,-117.2201953000,405.4000244140625,,24.773,,1775422996435,,,3508182000000,1.0,0,,,","33.80034741","-117.22033806","311","480","11268","11297570","-98","LTE","LTE","1000","242","24.1","33.80034741,-117.22033806,403,311,480,11268,11297570,-98,LTE,LTE,1000,242"
"415","886","NLP","NETWORK","NLP_ANOMALY","33.8001657","-117.2201953","33.8001819","-117.2201612","3.629","11.91","36.171","118.67","04/05/2026 13:03:16","04/05/2026 13:03:23","6.796","","","1775422996435","1775423003231","Fix,NLP,33.8001819000,-117.2201612000,405.4000244140625,,21.851,,1775423003231,,,3514978000000,1.0,0,,,","33.80034741","-117.22033806","311","480","11268","11297570","-98","LTE","LTE","1000","242","24.6","33.80034741,-117.22033806,403,311,480,11268,11297570,-98,LTE,LTE,1000,242"
"422","901","NLP","NETWORK","NLP_CRIME","33.8001819","-117.2201612","33.8004109","-117.2201919","25.621","84.06","16.141","52.96","04/05/2026 13:03:25","04/05/2026 13:03:29","3.17","","","1775423005889","1775423009059","Fix,NLP,33.8004109000,-117.2201919000,405.5,,33.285,,1775423009059,,,3520806000000,1.0,0,,,","33.80047585","-117.22027869","311","480","11268","11297539","-102","LTE","LTE","5230","242","10.8","33.80047585,-117.22027869,399,311,480,11268,11297539,-102,LTE,LTE,5230,242"
"430","918","NLP","NETWORK","NLP_ANOMALY","33.8004109","-117.2201919","33.8003961","-117.2201814","1.91","6.27","17.693","58.05","04/05/2026 13:03:29","04/05/2026 13:03:35","6.806","","","1775423009059","1775423015865","Fix,NLP,33.8003961000,-117.2201814000,405.4000244140625,,23.5,,1775423015865,,,3527612000000,1.0,0,,,","33.80047585","-117.22027869","311","480","11268","11297539","-102","LTE","LTE","5230","242","12.6","33.80047585,-117.22027869,399,311,480,11268,11297539,-102,LTE,LTE,5230,242"
"438","934","NLP","NETWORK","NLP_CRIME","33.8003961","-117.2201814","33.8004384","-117.2202549","8.261","27.1","9.623","31.57","04/05/2026 13:03:35","04/05/2026 13:03:43","7.266","","","1775423015865","1775423023131","Fix,NLP,33.8004384000,-117.2202549000,405.5,,28.987,,1775423023131,,,3534878000000,1.0100759,0,,,","33.80047585","-117.22027869","311","480","11268","11297539","-102","LTE","LTE","5230","242","4.7","33.80047585,-117.22027869,399,311,480,11268,11297539,-102,LTE,LTE,5230,242"
"446","950","NLP","NETWORK","NLP_CRIME","33.8004384","-117.2202549","33.8004706","-117.2201982","6.346","20.82","14.409","47.28","04/05/2026 13:03:43","04/05/2026 13:03:50","7.213","","","1775423023131","1775423030344","Fix,NLP,33.8004706000,-117.2201982000,405.5,,24.396,,1775423030344,,,3542091000000,1.0,0,,,","33.80047585","-117.22027869","311","480","11268","11297539","-102","LTE","LTE","5230","242","7.5","33.80047585,-117.22027869,399,311,480,11268,11297539,-102,LTE,LTE,5230,242"
"461","982","NLP","NETWORK","NLP_CRIME","33.8004706","-117.2201982","33.8003436","-117.2201678","14.398","47.24","21.869","71.75","04/05/2026 13:03:58","04/05/2026 13:04:04","5.631","","","1775423038778","1775423044409","Fix,NLP,33.8003436000,-117.2201678000,405.4000244140625,,35.631,,1775423044409,,,3556156000000,1.0,0,,,","33.80034741","-117.22033806","311","480","11268","11297570","-98","LTE","LTE","1000","242","15.7","33.80034741,-117.22033806,403,311,480,11268,11297570,-98,LTE,LTE,1000,242"
"469","997","NLP","NETWORK","NLP_ANOMALY","33.8003436","-117.2201678","33.8003283","-117.2202178","4.923","16.15","19.734","64.74","04/05/2026 13:04:04","04/05/2026 13:04:11","6.923","","","1775423044409","1775423051332","Fix,NLP,33.8003283000,-117.2202178000,405.5,,34.342,,1775423051332,,,3563079000000,1.0,0,,,","33.80034741","-117.22033806","311","480","11268","11297570","-98","LTE","LTE","1000","242","11.3","33.80034741,-117.22033806,403,311,480,11268,11297570,-98,LTE,LTE,1000,242"
"478","1015","NLP","NETWORK","NLP_CRIME","33.8003283","-117.2202178","33.8005231","-117.2202407","21.764","71.4","12.302","40.36","04/05/2026 13:04:11","04/05/2026 13:04:18","7.196","","","1775423051332","1775423058528","Fix,NLP,33.8005231000,-117.2202407000,405.4000244140625,,19.014,,1775423058528,,,3570275000000,1.0,0,,,","33.80047585","-117.22027869","311","480","11268","11297539","-102","LTE","LTE","5230","242","6.3","33.80047585,-117.22027869,399,311,480,11268,11297539,-102,LTE,LTE,5230,242"
"485","1028","NLP","NETWORK","NLP_ANOMALY","33.8005231","-117.2202407","33.8005067","-117.2202334","1.944","6.38","12.07","39.6","04/05/2026 13:04:18","04/05/2026 13:04:25","6.822","","","1775423058528","1775423065350","Fix,NLP,33.8005067000,-117.2202334000,405.5,,23.951,,1775423065350,,,3577097000000,1.0,0,,,","33.80047585","-117.22027869","311","480","11268","11297539","-102","LTE","LTE","5230","242","5.4","33.80047585,-117.22027869,399,311,480,11268,11297539,-102,LTE,LTE,5230,242"
"494","1046","NLP","NETWORK","NLP_CRIME","33.8005067","-117.2202334","33.8004559","-117.2201434","10.053","32.98","19.486","63.93","04/05/2026 13:04:25","04/05/2026 13:04:32","7.104","","","1775423065350","1775423072454","Fix,NLP,33.8004559000,-117.2201434000,405.5,,33.055,,1775423072454,,,3584201000000,1.0,0,,,","33.80047585","-117.22027869","311","480","11268","11297539","-102","LTE","LTE","5230","242","12.7","33.80047585,-117.22027869,399,311,480,11268,11297539,-102,LTE,LTE,5230,242"
"502","1061","NLP","NETWORK","NLP_ANOMALY","33.8004559","-117.2201434","33.8004834","-117.2201957","5.719","18.76","14.769","48.46","04/05/2026 13:04:32","04/05/2026 13:04:39","7.212","","","1775423072454","1775423079666","Fix,NLP,33.8004834000,-117.2201957000,405.5,,21.992,,1775423079666,,,3591413000000,1.0,0,,,","33.80047585","-117.22027869","311","480","11268","11297539","-102","LTE","LTE","5230","242","7.7","33.80047585,-117.22027869,399,311,480,11268,11297539,-102,LTE,LTE,5230,242"
"510","1076","NLP","NETWORK","NLP_CRIME","33.8004834","-117.2201957","33.8002566","-117.2203883","30.866","101.27","23.389","76.73","04/05/2026 13:04:39","04/05/2026 13:04:46","7.158","","","1775423079666","1775423086824","Fix,NLP,33.8002566000,-117.2203883000,405.5,,37.62,,1775423086824,,,3598571000000,1.0,0,,,","33.80034741","-117.22033806","311","480","11268","11297570","-98","LTE","LTE","1000","242","11.1","33.80034741,-117.22033806,403,311,480,11268,11297570,-98,LTE,LTE,1000,242"
"518","1092","NLP","NETWORK","NLP_CRIME","33.8002566","-117.2203883","33.8001991","-117.2205318","14.721","48.3","33.825","110.97","04/05/2026 13:04:46","04/05/2026 13:04:54","7.237","","","1775423086824","1775423094061","Fix,NLP,33.8001991000,-117.2205318000,405.4000244140625,,31.297,,1775423094061,,,3605808000000,1.0,0,,,","33.80036954","-117.22042412","311","480","11268","11320577","-106","LTE","LTE","5230","111","21.4","33.80036954,-117.22042412,406,311,480,11268,11320577,-106,LTE,LTE,5230,111"
"524","1104","NLP","NETWORK","NLP_CRIME","33.8001991","-117.2205318","33.7971446","-117.2222308","374.173","1227.6","407.912","1338.29","04/05/2026 13:04:54","04/05/2026 13:05:01","7.253","","","1775423094061","1775423101314","Fix,NLP,33.7971446000,-117.2222308000,,,300.0,,1775423101314,,,3613061000000,,0,,,","33.80036954","-117.22042412","311","480","11268","11320577","-106","LTE","LTE","5230","111","395.6","33.80036954,-117.22042412,406,311,480,11268,11320577,-106,LTE,LTE,5230,111"
"535","1128","NLP","NETWORK","NLP_CRIME","33.7971446","-117.2222308","33.8005307","-117.2270082","580.205","1903.56","614.896","2017.38","04/05/2026 13:05:06","04/05/2026 13:05:11","5.017","","","1775423106331","1775423111348","Fix,NLP,33.8005307000,-117.2270082000,,,600.0,,1775423111348,,,3623095000000,,0,,,","33.80057492","-117.2204512","311","480","11268","11297570","-104","LTE","LTE","1000","242","605.9","33.80057492,-117.2204512,405,311,480,11268,11297570,-104,LTE,LTE,1000,242"
"546","1152","NLP","NETWORK","NLP_CRIME","33.8005307","-117.2270082","33.80145","-117.2163507","990.046","3248.18","385.78","1265.68","04/05/2026 13:05:16","04/05/2026 13:05:21","5.016","","","1775423116361","1775423121377","Fix,NLP,33.8014500000,-117.2163507000,,,400.0,,1775423121377,,,3633124000000,,0,,,","33.80062048","-117.22029265","311","480","11268","11320577","-109","LTE","LTE","5230","111","375.7","33.80062048,-117.22029265,416,311,480,11268,11320577,-109,LTE,LTE,5230,111"
"552","1164","NLP","NETWORK","NLP_CRIME","33.80145","-117.2163507","33.8005307","-117.2270082","990.046","3248.18","614.896","2017.38","04/05/2026 13:05:21","04/05/2026 13:05:26","5.04","","","1775423121377","1775423126417","Fix,NLP,33.8005307000,-117.2270082000,,,600.0,,1775423126417,,,3638164000000,,0,,,","33.80057492","-117.2204512","311","480","11268","11297570","-104","LTE","LTE","1000","242","605.9","33.80057492,-117.2204512,405,311,480,11268,11297570,-104,LTE,LTE,1000,242"
"594","1267","NLP","NETWORK","NLP_CRIME","33.8005307","-117.2270082","33.8004794","-117.220225","626.798","2056.43","12.027","39.46","04/05/2026 13:06:01","04/05/2026 13:06:06","5.139","","","1775423161525","1775423166664","Fix,NLP,33.8004794000,-117.2202250000,405.5,,20.599,,1775423166664,,,3678411000000,1.0,0,,,","33.80047585","-117.22027869","311","480","11268","11297539","-102","LTE","LTE","5230","242","5","33.80047585,-117.22027869,399,311,480,11268,11297539,-102,LTE,LTE,5230,242"
"602","1283","NLP","NETWORK","NLP_CRIME","33.8004794","-117.220225","33.8003864","-117.2202251","10.341","33.93","14.773","48.47","04/05/2026 13:06:06","04/05/2026 13:06:12","5.836","","","1775423166664","1775423172500","Fix,NLP,33.8003864000,-117.2202251000,405.4000244140625,,28.847,,1775423172500,,,3684247000000,1.0,0,,,","33.8004258","-117.22032593","311","480","11268","11297570","-101","LTE","LTE","1000","242","10.3","33.8004258,-117.22032593,411,311,480,11268,11297570,-101,LTE,LTE,1000,242"
"611","1300","NLP","NETWORK","NLP_CRIME","33.8003864","-117.2202251","33.8002932","-117.2203071","12.838","42.12","19.589","64.27","04/05/2026 13:06:12","04/05/2026 13:06:19","7.217","","","1775423172500","1775423179717","Fix,NLP,33.8002932000,-117.2203071000,405.5,,33.301,,1775423179717,,,3691464000000,1.0,0,,,","33.80034741","-117.22033806","311","480","11268","11297570","-98","LTE","LTE","1000","242","6.7","33.80034741,-117.22033806,403,311,480,11268,11297570,-98,LTE,LTE,1000,242"
"619","1316","NLP","NETWORK","NLP_CRIME","33.8002932","-117.2203071","33.800313","-117.2203919","8.139","26.7","17.261","56.63","04/05/2026 13:06:19","04/05/2026 13:06:26","7.222","","","1775423179717","1775423186939","Fix,NLP,33.8003130000,-117.2203919000,405.5,,27.6,,1775423186939,,,3698686000000,1.0,0,,,","33.80034741","-117.22033806","311","480","11268","11297570","-98","LTE","LTE","1000","242","6.3","33.80034741,-117.22033806,403,311,480,11268,11297570,-98,LTE,LTE,1000,242"
"624","1326","NLP","NETWORK","NLP_CRIME","33.800313","-117.2203919","33.8005307","-117.2270082","611.83","2007.32","614.896","2017.38","04/05/2026 13:06:26","04/05/2026 13:06:34","7.098","","","1775423186939","1775423194037","Fix,NLP,33.8005307000,-117.2270082000,,,600.0,,1775423194037,,,3705784000000,,0,,,","33.80057492","-117.2204512","311","480","11268","11297570","-104","LTE","LTE","1000","242","605.9","33.80057492,-117.2204512,405,311,480,11268,11297570,-104,LTE,LTE,1000,242"
"630","1337","NLP","NETWORK","NLP_CRIME","33.8005307","-117.2270082","33.7980528","-117.2211283","609.186","1998.64","277.603","910.77","04/05/2026 13:06:34","04/05/2026 13:06:39","5.011","","","1775423194037","1775423199048","Fix,NLP,33.7980528000,-117.2211283000,,,300.0,,1775423199048,,,3710795000000,,0,,,","33.80034741","-117.22033806","311","480","11268","11297570","-98","LTE","LTE","1000","242","265.4","33.80034741,-117.22033806,403,311,480,11268,11297570,-98,LTE,LTE,1000,242"
"641","1359","NLP","NETWORK","NLP_CRIME","33.7980528","-117.2211283","33.8005307","-117.2270082","609.186","1998.64","614.896","2017.38","04/05/2026 13:06:44","04/05/2026 13:06:49","5.01","","","1775423204060","1775423209070","Fix,NLP,33.8005307000,-117.2270082000,,,600.0,,1775423209070,,,3720817000000,,0,,,","33.80057492","-117.2204512","311","480","11268","11297570","-104","LTE","LTE","1000","242","605.9","33.80057492,-117.2204512,405,311,480,11268,11297570,-104,LTE,LTE,1000,242"
"653","1385","NLP","NETWORK","NLP_CRIME","33.8005307","-117.2270082","33.7987332","-117.2237007","365.174","1198.08","364.297","1195.2","04/05/2026 13:06:54","04/05/2026 13:06:59","5.032","","","1775423214083","1775423219115","Fix,NLP,33.7987332000,-117.2237007000,,,600.0,,1775423219115,,,3730862000000,,0,,,","33.80036954","-117.22042412","311","480","11268","11320577","-106","LTE","LTE","5230","111","353.2","33.80036954,-117.22042412,406,311,480,11268,11320577,-106,LTE,LTE,5230,111"
"659","1397","NLP","NETWORK","NLP_CRIME","33.7987332","-117.2237007","33.7977641","-117.2237007","107.759","353.54","431.076","1414.29","04/05/2026 13:06:59","04/05/2026 13:07:04","5.017","","","1775423219115","1775423224132","Fix,NLP,33.7977641000,-117.2237007000,,,300.0,,1775423224132,,,3735879000000,,0,,,","33.80036954","-117.22042412","311","480","11268","11320577","-106","LTE","LTE","5230","111","419","33.80036954,-117.22042412,406,311,480,11268,11320577,-106,LTE,LTE,5230,111"
"665","1408","NLP","NETWORK","NLP_CRIME","33.7977641","-117.2237007","33.8072721","-117.2203933","1100.523","3610.64","756.924","2483.35","04/05/2026 13:07:04","04/05/2026 13:07:09","5.051","","","1775423224132","1775423229183","Fix,NLP,33.8072721000,-117.2203933000,,,899.999,,1775423229183,,,3740930000000,,0,,,","33.80062048","-117.22029265","311","480","11268","11320577","-109","LTE","LTE","5230","111","739.7","33.80062048,-117.22029265,416,311,480,11268,11320577,-109,LTE,LTE,5230,111"
"671","1420","NLP","NETWORK","NLP_CRIME","33.8072721","-117.2203933","33.8019213","-117.2170857","668.88","2194.49","342.667","1124.24","04/05/2026 13:07:09","04/05/2026 13:07:14","5.03","","","1775423229183","1775423234213","Fix,NLP,33.8019213000,-117.2170857000,,,400.0,,1775423234213,,,3745960000000,,0,,,","33.80062048","-117.22029265","311","480","11268","11320577","-109","LTE","LTE","5230","111","329.7","33.80062048,-117.22029265,416,311,480,11268,11320577,-109,LTE,LTE,5230,111"
"677","1432","NLP","NETWORK","NLP_CRIME","33.8019213","-117.2170857","33.8072721","-117.2203933","668.88","2194.49","756.924","2483.35","04/05/2026 13:07:14","04/05/2026 13:07:19","5.006","","","1775423234213","1775423239219","Fix,NLP,33.8072721000,-117.2203933000,,,899.999,,1775423239219,,,3750966000000,,0,,,","33.80062048","-117.22029265","311","480","11268","11320577","-109","LTE","LTE","5230","111","739.7","33.80062048,-117.22029265,416,311,480,11268,11320577,-109,LTE,LTE,5230,111"
"688","1456","NLP","NETWORK","NLP_CRIME","33.8072721","-117.2203933","33.8018339","-117.2174532","662.917","2174.92","308.239","1011.28","04/05/2026 13:07:24","04/05/2026 13:07:29","5.009","","","1775423244239","1775423249248","Fix,NLP,33.8018339000,-117.2174532000,,,300.0,,1775423249248,,,3760995000000,,0,,,","33.80062048","-117.22029265","311","480","11268","11320577","-109","LTE","LTE","5230","111","295","33.80062048,-117.22029265,416,311,480,11268,11320577,-109,LTE,LTE,5230,111"
"695","1469","NLP","NETWORK","NLP_CRIME","33.8018339","-117.2174532","33.8005387","-117.2202619","296.807","973.78","11.814","38.76","04/05/2026 13:07:29","04/05/2026 13:07:34","5.073","","","1775423249248","1775423254321","Fix,NLP,33.8005387000,-117.2202619000,405.5,,24.45,,1775423254321,,,3766068000000,1.1189317,0,,,","33.80047585","-117.22027869","311","480","11268","11297539","-102","LTE","LTE","5230","242","7.2","33.80047585,-117.22027869,399,311,480,11268,11297539,-102,LTE,LTE,5230,242"
"703","1485","NLP","NETWORK","NLP_CRIME","33.8005387","-117.2202619","33.8003119","-117.2202667","25.223","82.75","18.838","61.81","04/05/2026 13:07:34","04/05/2026 13:07:39","5.645","","","1775423254321","1775423259966","Fix,NLP,33.8003119000,-117.2202667000,405.5,,36.795,,1775423259966,,,3771713000000,1.0,0,,,","33.80034741","-117.22033806","311","480","11268","11297570","-98","LTE","LTE","1000","242","7.7","33.80034741,-117.22033806,403,311,480,11268,11297570,-98,LTE,LTE,1000,242"
"708","1495","NLP","NETWORK","NLP_CRIME","33.8003119","-117.2202667","33.8019213","-117.2170857","344.118","1129","342.667","1124.24","04/05/2026 13:07:39","04/05/2026 13:07:46","6.724","","","1775423259966","1775423266690","Fix,NLP,33.8019213000,-117.2170857000,,,400.0,,1775423266690,,,3778437000000,,0,,,","33.80062048","-117.22029265","311","480","11268","11320577","-109","LTE","LTE","5230","111","329.7","33.80062048,-117.22029265,416,311,480,11268,11320577,-109,LTE,LTE,5230,111"
"714","1508","NLP","NETWORK","NLP_CRIME","33.8019213","-117.2170857","33.8072721","-117.2203933","668.88","2194.49","756.924","2483.35","04/05/2026 13:07:46","04/05/2026 13:07:51","5.011","","","1775423266690","1775423271701","Fix,NLP,33.8072721000,-117.2203933000,,,899.999,,1775423271701,,,3783448000000,,0,,,","33.80062048","-117.22029265","311","480","11268","11320577","-109","LTE","LTE","5230","111","739.7","33.80062048,-117.22029265,416,311,480,11268,11320577,-109,LTE,LTE,5230,111"
"735","1557","NLP","NETWORK","NLP_CRIME","33.8072721","-117.2203933","33.799337","-117.2170857","933.771","3063.55","327.007","1072.86","04/05/2026 13:08:06","04/05/2026 13:08:11","5.009","","","1775423286756","1775423291765","Fix,NLP,33.7993370000,-117.2170857000,,,400.0,,1775423291765,,,3803512000000,,0,,,","33.80034741","-117.22033806","311","480","11268","11297570","-98","LTE","LTE","1000","242","320.8","33.80034741,-117.22033806,403,311,480,11268,11297570,-98,LTE,LTE,1000,242"
"741","1570","NLP","NETWORK","NLP_CRIME","33.799337","-117.2170857","33.8005307","-117.2270082","926.41","3039.4","614.896","2017.38","04/05/2026 13:08:11","04/05/2026 13:08:16","5.011","","","1775423291765","1775423296776","Fix,NLP,33.8005307000,-117.2270082000,,,600.0,,1775423296776,,,3808523000000,,0,,,","33.80057492","-117.2204512","311","480","11268","11297570","-104","LTE","LTE","1000","242","605.9","33.80057492,-117.2204512,405,311,480,11268,11297570,-104,LTE,LTE,1000,242"
"757","1608","NLP","NETWORK","NLP_CRIME","33.8005307","-117.2270082","33.7971446","-117.2222308","580.205","1903.56","407.912","1338.29","04/05/2026 13:08:26","04/05/2026 13:08:31","5.012","","","1775423306811","1775423311823","Fix,NLP,33.7971446000,-117.2222308000,,,300.0,,1775423311823,,,3823570000000,,0,,,","33.80036954","-117.22042412","311","480","11268","11320577","-106","LTE","LTE","5230","111","395.6","33.80036954,-117.22042412,406,311,480,11268,11320577,-106,LTE,LTE,5230,111"
"774","1646","NLP","NETWORK","NLP_CRIME","33.7971446","-117.2222308","33.8005095","-117.2202462","416.683","1367.07","11.122","36.49","04/05/2026 13:08:41","04/05/2026 13:08:46","5.097","","","1775423321857","1775423326954","Fix,NLP,33.8005095000,-117.2202462000,405.5,,17.54,,1775423326954,,,3838701000000,1.4898682,0,,,","33.80047585","-117.22027869","311","480","11268","11297539","-102","LTE","LTE","5230","242","4.8","33.80047585,-117.22027869,399,311,480,11268,11297539,-102,LTE,LTE,5230,242"
"782","1662","NLP","NETWORK","NLP_CRIME","33.8005095","-117.2202462","33.8003111","-117.2204391","28.362","93.05","18.833","61.79","04/05/2026 13:08:46","04/05/2026 13:08:52","5.301","","","1775423326954","1775423332255","Fix,NLP,33.8003111000,-117.2204391000,405.5,,46.954,,1775423332255,,,3844002000000,1.0,0,,,","33.80036954","-117.22042412","311","480","11268","11320577","-106","LTE","LTE","5230","111","6.6","33.80036954,-117.22042412,406,311,480,11268,11320577,-106,LTE,LTE,5230,111"
"794","1687","NLP","NETWORK","NLP_CRIME","33.8003111","-117.2204391","33.8005307","-117.2270082","607.481","1993.05","614.896","2017.38","04/05/2026 13:08:58","04/05/2026 13:09:05","7.175","","","1775423338762","1775423345937","Fix,NLP,33.8005307000,-117.2270082000,,,600.0,,1775423345937,,,3857684000000,,0,,,","33.80057492","-117.2204512","311","480","11268","11297570","-104","LTE","LTE","1000","242","605.9","33.80057492,-117.2204512,405,311,480,11268,11297570,-104,LTE,LTE,1000,242"
"810","1726","NLP","NETWORK","NLP_CRIME","33.8005307","-117.2270082","33.810407","-117.2167182","1452.568","4765.64","1155.413","3790.73","04/05/2026 13:09:15","04/05/2026 13:09:20","5.022","","","1775423355967","1775423360989","Fix,NLP,33.8104070000,-117.2167182000,,,500.0,,1775423360989,,,3872736000000,,0,,,","33.80062048","-117.22029265","311","480","11268","11320577","-109","LTE","LTE","5230","111","1137.2","33.80062048,-117.22029265,416,311,480,11268,11320577,-109,LTE,LTE,5230,111"
"816","1739","NLP","NETWORK","NLP_CRIME","33.810407","-117.2167182","33.8059988","-117.2148807","518.737","1701.89","796.483","2613.13","04/05/2026 13:09:20","04/05/2026 13:09:25","5.008","","","1775423360989","1775423365997","Fix,NLP,33.8059988000,-117.2148807000,,,400.0,,1775423365997,,,3877744000000,,0,,,","33.80062048","-117.22029265","311","480","11268","11320577","-109","LTE","LTE","5230","111","779.6","33.80062048,-117.22029265,416,311,480,11268,11320577,-109,LTE,LTE,5230,111"
"843","1796","NLP","NETWORK","NLP_CRIME","33.8059988","-117.2148807","33.810407","-117.2167182","518.737","1701.89","1155.413","3790.73","04/05/2026 13:09:46","04/05/2026 13:09:51","5.015","","","1775423386067","1775423391082","Fix,NLP,33.8104070000,-117.2167182000,,,500.0,,1775423391082,,,3902829000000,,0,,,","33.80062048","-117.22029265","311","480","11268","11320577","-109","LTE","LTE","5230","111","1137.2","33.80062048,-117.22029265,416,311,480,11268,11320577,-109,LTE,LTE,5230,111"
"849","1808","NLP","NETWORK","NLP_CRIME","33.810407","-117.2167182","33.8059988","-117.2148807","518.737","1701.89","796.483","2613.13","04/05/2026 13:09:51","04/05/2026 13:09:56","5.013","","","1775423391082","1775423396095","Fix,NLP,33.8059988000,-117.2148807000,,,400.0,,1775423396095,,,3907842000000,,0,,,","33.80062048","-117.22029265","311","480","11268","11320577","-109","LTE","LTE","5230","111","779.6","33.80062048,-117.22029265,416,311,480,11268,11320577,-109,LTE,LTE,5230,111"
"861","1833","NLP","NETWORK","NLP_CRIME","33.8059988","-117.2148807","33.8001336","-117.2206333","841.345","2760.32","44.988","147.6","04/05/2026 13:10:01","04/05/2026 13:10:06","5.122","","","1775423401114","1775423406236","Fix,NLP,33.8001336000,-117.2206333000,405.8000183105469,,19.293,,1775423406236,,,3917983000000,1.2475551,0,,,","33.80036954","-117.22042412","311","480","11268","11320577","-106","LTE","LTE","5230","111","32.6","33.80036954,-117.22042412,406,311,480,11268,11320577,-106,LTE,LTE,5230,111"
"869","1849","NLP","NETWORK","NLP_CRIME","33.8001336","-117.2206333","33.8005307","-117.2270082","590.699","1937.99","614.896","2017.38","04/05/2026 13:10:06","04/05/2026 13:10:11","5.519","","","1775423406236","1775423411755","Fix,NLP,33.8005307000,-117.2270082000,,,600.0,,1775423411755,,,3923502000000,,0,,,","33.80057492","-117.2204512","311","480","11268","11297570","-104","LTE","LTE","1000","242","605.9","33.80057492,-117.2204512,405,311,480,11268,11297570,-104,LTE,LTE,1000,242"
"885","1885","NLP","NETWORK","NLP_CRIME","33.8005307","-117.2270082","33.8008039","-117.2163507","985.227","3232.37","371.822","1219.89","04/05/2026 13:10:24","04/05/2026 13:10:29","5.011","","","1775423424661","1775423429672","Fix,NLP,33.8008039000,-117.2163507000,,,400.0,,1775423429672,,,3941419000000,,0,,,","33.80047585","-117.22027869","311","480","11268","11297539","-102","LTE","LTE","5230","242","364.8","33.80047585,-117.22027869,399,311,480,11268,11297539,-102,LTE,LTE,5230,242"
"891","1897","NLP","NETWORK","NLP_CRIME","33.8008039","-117.2163507","33.8005307","-117.2270082","985.227","3232.37","614.896","2017.38","04/05/2026 13:10:29","04/05/2026 13:10:34","5.014","","","1775423429672","1775423434686","Fix,NLP,33.8005307000,-117.2270082000,,,600.0,,1775423434686,,,3946433000000,,0,,,","33.80057492","-117.2204512","311","480","11268","11297570","-104","LTE","LTE","1000","242","605.9","33.80057492,-117.2204512,405,311,480,11268,11297570,-104,LTE,LTE,1000,242"
"938","2013","NLP","NETWORK","NLP_CRIME","33.8005307","-117.2270082","33.8002969","-117.2202208","627.7","2059.38","22.38","73.43","04/05/2026 13:11:14","04/05/2026 13:11:19","5.111","","","1775423474830","1775423479941","Fix,NLP,33.8002969000,-117.2202208000,405.5,,33.631,,1775423479941,,,3991688000000,1.0,0,,,","33.80034741","-117.22033806","311","480","11268","11297570","-98","LTE","LTE","1000","242","12.2","33.80034741,-117.22033806,403,311,480,11268,11297570,-98,LTE,LTE,1000,242"
"947","2032","NLP","NETWORK","NLP_CRIME","33.8002969","-117.2202208","33.8001742","-117.2205669","34.769","114.07","37.849","124.18","04/05/2026 13:11:19","04/05/2026 13:11:25","5.77","","","1775423479941","1775423485711","Fix,NLP,33.8001742000,-117.2205669000,405.5,,38.271,,1775423485711,,,3997458000000,1.0,0,,,","33.80036954","-117.22042412","311","480","11268","11320577","-106","LTE","LTE","5230","111","25.4","33.80036954,-117.22042412,406,311,480,11268,11320577,-106,LTE,LTE,5230,111"
"952","2043","NLP","NETWORK","NLP_CRIME","33.8001742","-117.2205669","33.8005307","-117.2270082","596.5","1957.02","614.896","2017.38","04/05/2026 13:11:25","04/05/2026 13:11:32","7.165","","","1775423485711","1775423492876","Fix,NLP,33.8005307000,-117.2270082000,,,600.0,,1775423492876,,,4004623000000,,0,,,","33.80057492","-117.2204512","311","480","11268","11297570","-104","LTE","LTE","1000","242","605.9","33.80057492,-117.2204512,405,311,480,11268,11297570,-104,LTE,LTE,1000,242"
"1003","2166","NLP","NETWORK","NLP_CRIME","33.8005307","-117.2270082","33.7971446","-117.2222308","580.205","1903.56","407.912","1338.29","04/05/2026 13:12:18","04/05/2026 13:12:23","5.02","","","1775423538034","1775423543054","Fix,NLP,33.7971446000,-117.2222308000,,,300.0,,1775423543054,,,4054801000000,,0,,,","33.80036954","-117.22042412","311","480","11268","11320577","-106","LTE","LTE","5230","111","395.6","33.80036954,-117.22042412,406,311,480,11268,11320577,-106,LTE,LTE,5230,111"
"1009","2178","NLP","NETWORK","NLP_CRIME","33.7971446","-117.2222308","33.8005307","-117.2270082","580.205","1903.56","614.896","2017.38","04/05/2026 13:12:23","04/05/2026 13:12:28","5.03","","","1775423543054","1775423548084","Fix,NLP,33.8005307000,-117.2270082000,,,600.0,,1775423548084,,,4059831000000,,0,,,","33.80057492","-117.2204512","311","480","11268","11297570","-104","LTE","LTE","1000","242","605.9","33.80057492,-117.2204512,405,311,480,11268,11297570,-104,LTE,LTE,1000,242"
"1016","2198","NLP","NETWORK","NLP_CRIME","33.8005307","-117.2270082","33.8004559","-117.2201797","631.013","2070.25","16.137","52.94","04/05/2026 13:12:28","04/05/2026 13:12:33","5.137","","","1775423548084","1775423553221","Fix,NLP,33.8004559000,-117.2201797000,405.4000244140625,,24.796,,1775423553221,,,4064968000000,1.0,0,,,","33.80047585","-117.22027869","311","480","11268","11297539","-102","LTE","LTE","5230","242","9.4","33.80047585,-117.22027869,399,311,480,11268,11297539,-102,LTE,LTE,5230,242"
"1025","2219","NLP","NETWORK","NLP_CRIME","33.8004559","-117.2201797","33.800334","-117.2201413","14.011","45.97","24.463","80.26","04/05/2026 13:12:33","04/05/2026 13:12:39","5.815","","","1775423553221","1775423559036","Fix,NLP,33.8003340000,-117.2201413000,405.5,,27.655,,1775423559036,,,4070783000000,1.0,0,,,","33.80034741","-117.22033806","311","480","11268","11297570","-98","LTE","LTE","1000","242","18.2","33.80034741,-117.22033806,403,311,480,11268,11297570,-98,LTE,LTE,1000,242"
"1031","2233","NLP","NETWORK","NLP_CRIME","33.800334","-117.2201413","33.8005307","-117.2270082","634.884","2082.95","614.896","2017.38","04/05/2026 13:12:39","04/05/2026 13:12:45","6.792","","","1775423559036","1775423565828","Fix,NLP,33.8005307000,-117.2270082000,,,600.0,,1775423565828,,,4077575000000,,0,,,","33.80057492","-117.2204512","311","480","11268","11297570","-104","LTE","LTE","1000","242","605.9","33.80057492,-117.2204512,405,311,480,11268,11297570,-104,LTE,LTE,1000,242"
"1042","2257","NLP","NETWORK","NLP_CRIME","33.8005307","-117.2270082","33.8072721","-117.2203933","967.2","3173.23","756.924","2483.35","04/05/2026 13:12:51","04/05/2026 13:12:56","5.01","","","1775423571387","1775423576397","Fix,NLP,33.8072721000,-117.2203933000,,,899.999,,1775423576397,,,4088144000000,,0,,,","33.80062048","-117.22029265","311","480","11268","11320577","-109","LTE","LTE","5230","111","739.7","33.80062048,-117.22029265,416,311,480,11268,11320577,-109,LTE,LTE,5230,111"
"1058","2301","NLP","NETWORK","NLP_CRIME","33.8072721","-117.2203933","33.8085563","-117.2163507","399.873","1311.92","972.779","3191.53","04/05/2026 13:13:06","04/05/2026 13:13:11","5.009","","","1775423586449","1775423591458","Fix,NLP,33.8085563000,-117.2163507000,,,500.0,,1775423591458,,,4103205000000,,0,,,","33.80062048","-117.22029265","311","480","11268","11320577","-109","LTE","LTE","5230","111","954.6","33.80062048,-117.22029265,416,311,480,11268,11320577,-109,LTE,LTE,5230,111"
"1064","2318","NLP","NETWORK","NLP_CRIME","33.8085563","-117.2163507","33.8018339","-117.2174532","754.406","2475.08","308.239","1011.28","04/05/2026 13:13:11","04/05/2026 13:13:16","5.023","","","1775423591458","1775423596481","Fix,NLP,33.8018339000,-117.2174532000,,,200.0,,1775423596481,,,4108228000000,,0,,,","33.80062048","-117.22029265","311","480","11268","11320577","-109","LTE","LTE","5230","111","295","33.80062048,-117.22029265,416,311,480,11268,11320577,-109,LTE,LTE,5230,111"
"1090","2392","NLP","NETWORK","NLP_CRIME","33.8018339","-117.2174532","33.8005307","-117.2270082","894.695","2935.35","614.896","2017.38","04/05/2026 13:13:36","04/05/2026 13:13:41","5.031","","","1775423616570","1775423621601","Fix,NLP,33.8005307000,-117.2270082000,,,600.0,,1775423621601,,,4133348000000,,0,,,","33.80057492","-117.2204512","311","480","11268","11297570","-104","LTE","LTE","1000","242","605.9","33.80057492,-117.2204512,405,311,480,11268,11297570,-104,LTE,LTE,1000,242"
"1096","2407","NLP","NETWORK","NLP_CRIME","33.8005307","-117.2270082","33.7971446","-117.2222308","580.205","1903.56","407.912","1338.29","04/05/2026 13:13:41","04/05/2026 13:13:46","5.013","","","1775423621601","1775423626614","Fix,NLP,33.7971446000,-117.2222308000,,,300.0,,1775423626614,,,4138361000000,,0,,,","33.80036954","-117.22042412","311","480","11268","11320577","-106","LTE","LTE","5230","111","395.6","33.80036954,-117.22042412,406,311,480,11268,11320577,-106,LTE,LTE,5230,111"
"1103","2427","NLP","NETWORK","NLP_CRIME","33.7971446","-117.2222308","33.8003679","-117.2202274","403.398","1323.49","15.919","52.23","04/05/2026 13:13:46","04/05/2026 13:13:51","5.122","","","1775423626614","1775423631736","Fix,NLP,33.8003679000,-117.2202274000,405.5,,31.428,,1775423631736,,,4143483000000,1.0,0,,,","33.80037278","-117.22033742","311","480","11268","11297570","-105","LTE","LTE","1000","242","10.2","33.80037278,-117.22033742,403,311,480,11268,11297570,-105,LTE,LTE,1000,242"
"1112","2449","NLP","NETWORK","NLP_CRIME","33.8003679","-117.2202274","33.800215","-117.2204336","25.536","83.78","28.755","94.34","04/05/2026 13:13:51","04/05/2026 13:13:57","5.768","","","1775423631736","1775423637504","Fix,NLP,33.8002150000,-117.2204336000,405.5,,31.294,,1775423637504,,,4149251000000,1.0,0,,,","33.80034741","-117.22033806","311","480","11268","11297570","-98","LTE","LTE","1000","242","17.2","33.80034741,-117.22033806,403,311,480,11268,11297570,-98,LTE,LTE,1000,242"
"1116","2458","NLP","NETWORK","NLP_CRIME","33.800215","-117.2204336","33.8005307","-117.2270082","608.512","1996.43","614.896","2017.38","04/05/2026 13:13:57","04/05/2026 13:14:03","5.751","","","1775423637504","1775423643255","Fix,NLP,33.8005307000,-117.2270082000,,,600.0,,1775423643255,,,4155002000000,,0,,,","33.80057492","-117.2204512","311","480","11268","11297570","-104","LTE","LTE","1000","242","605.9","33.80057492,-117.2204512,405,311,480,11268,11297570,-104,LTE,LTE,1000,242"
"1122","2471","NLP","NETWORK","NLP_CRIME","33.8005307","-117.2270082","33.7971446","-117.2222308","580.205","1903.56","407.912","1338.29","04/05/2026 13:14:03","04/05/2026 13:14:08","5.019","","","1775423643255","1775423648274","Fix,NLP,33.7971446000,-117.2222308000,,,300.0,,1775423648274,,,4160021000000,,0,,,","33.80036954","-117.22042412","311","480","11268","11320577","-106","LTE","LTE","5230","111","395.6","33.80036954,-117.22042412,406,311,480,11268,11320577,-106,LTE,LTE,5230,111"
"1133","2499","NLP","NETWORK","NLP_CRIME","33.7971446","-117.2222308","33.8005307","-117.2270082","580.205","1903.56","614.896","2017.38","04/05/2026 13:14:13","04/05/2026 13:14:18","5.02","","","1775423653292","1775423658312","Fix,NLP,33.8005307000,-117.2270082000,,,600.0,,1775423658312,,,4170059000000,,0,,,","33.80057492","-117.2204512","311","480","11268","11297570","-104","LTE","LTE","1000","242","605.9","33.80057492,-117.2204512,405,311,480,11268,11297570,-104,LTE,LTE,1000,242"
"1180","2622","NLP","NETWORK","NLP_CRIME","33.8005307","-117.2270082","33.8001688","-117.2206295","590.77","1938.22","41.627","136.57","04/05/2026 13:14:58","04/05/2026 13:15:03","5.099","","","1775423698463","1775423703562","Fix,NLP,33.8001688000,-117.2206295000,405.5,,50.217,,1775423703562,,,4215309000000,1.0,0,,,","33.80036954","-117.22042412","311","480","11268","11320577","-106","LTE","LTE","5230","111","29.3","33.80036954,-117.22042412,406,311,480,11268,11320577,-106,LTE,LTE,5230,111"
"1188","2640","NLP","NETWORK","NLP_CRIME","33.8001688","-117.2206295","33.8005307","-117.2270082","590.77","1938.22","614.896","2017.38","04/05/2026 13:15:03","04/05/2026 13:15:09","5.669","","","1775423703562","1775423709231","Fix,NLP,33.8005307000,-117.2270082000,,,600.0,,1775423709231,,,4220978000000,,0,,,","33.80057492","-117.2204512","311","480","11268","11297570","-104","LTE","LTE","1000","242","605.9","33.80057492,-117.2204512,405,311,480,11268,11297570,-104,LTE,LTE,1000,242"
"1289","2919","NLP","NETWORK","NLP_CRIME","33.8005307","-117.2270082","33.8013361","-117.2181882","819.876","2689.88","222.33","729.43","04/05/2026 13:16:46","04/05/2026 13:16:51","5.019","","","1775423806871","1775423811890","Fix,NLP,33.8013361000,-117.2181882000,,,200.0,,1775423811890,,,4323637000000,,0,,,","33.80062048","-117.22029265","311","480","11268","11320577","-109","LTE","LTE","5230","111","210.1","33.80062048,-117.22029265,416,311,480,11268,11320577,-109,LTE,LTE,5230,111"
"1300","2952","NLP","NETWORK","NLP_CRIME","33.8013361","-117.2181882","33.8072721","-117.2203933","690.783","2266.35","756.924","2483.35","04/05/2026 13:16:56","04/05/2026 13:17:01","5.02","","","1775423816915","1775423821935","Fix,NLP,33.8072721000,-117.2203933000,,,899.999,,1775423821935,,,4333682000000,,0,,,","33.80062048","-117.22029265","311","480","11268","11320577","-109","LTE","LTE","5230","111","739.7","33.80062048,-117.22029265,416,311,480,11268,11320577,-109,LTE,LTE,5230,111"
"1311","2983","NLP","NETWORK","NLP_CRIME","33.8072721","-117.2203933","33.8018339","-117.2174532","662.917","2174.92","308.239","1011.28","04/05/2026 13:17:06","04/05/2026 13:17:11","5.021","","","1775423826967","1775423831988","Fix,NLP,33.8018339000,-117.2174532000,,,200.0,,1775423831988,,,4343735000000,,0,,,","33.80062048","-117.22029265","311","480","11268","11320577","-109","LTE","LTE","5230","111","295","33.80062048,-117.22029265,416,311,480,11268,11320577,-109,LTE,LTE,5230,111"
"1318","2999","NLP","NETWORK","NLP_CRIME","33.8018339","-117.2174532","33.8025673","-117.2170857","88.337","289.82","381.895","1252.94","04/05/2026 13:17:11","04/05/2026 13:17:17","5.037","","","1775423831988","1775423837025","Fix,NLP,33.8025673000,-117.2170857000,,,400.0,,1775423837025,,,4348773000000,,0,,,","33.80062048","-117.22029265","311","480","11268","11320577","-109","LTE","LTE","5230","111","367","33.80062048,-117.22029265,416,311,480,11268,11320577,-109,LTE,LTE,5230,111"
"1324","3014","NLP","NETWORK","NLP_CRIME","33.8025673","-117.2170857","33.8001677","-117.2203208","400.686","1314.59","33.2","108.92","04/05/2026 13:17:17","04/05/2026 13:17:22","5.135","","","1775423837025","1775423842160","Fix,NLP,33.8001677000,-117.2203208000,405.5,,36.635,,1775423842160,,,4353907000000,1.0,0,,,","33.80034741","-117.22033806","311","480","11268","11297570","-98","LTE","LTE","1000","242","20","33.80034741,-117.22033806,403,311,480,11268,11297570,-98,LTE,LTE,1000,242"
"1333","3035","NLP","NETWORK","NLP_CRIME","33.8001677","-117.2203208","33.8002187","-117.220193","13.1","42.98","31.167","102.25","04/05/2026 13:17:22","04/05/2026 13:17:27","5.569","","","1775423842160","1775423847729","Fix,NLP,33.8002187000,-117.2201930000,405.4000244140625,,29.53,,1775423847729,,,4359476000000,1.0,0,,,","33.80034741","-117.22033806","311","480","11268","11297570","-98","LTE","LTE","1000","242","19.6","33.80034741,-117.22033806,403,311,480,11268,11297570,-98,LTE,LTE,1000,242"
"1338","3049","NLP","NETWORK","NLP_CRIME","33.8002187","-117.220193","33.8072721","-117.2203933","784.521","2573.89","756.924","2483.35","04/05/2026 13:17:27","04/05/2026 13:17:34","6.729","","","1775423847729","1775423854458","Fix,NLP,33.8072721000,-117.2203933000,,,899.999,,1775423854458,,,4366205000000,,0,,,","33.80062048","-117.22029265","311","480","11268","11320577","-109","LTE","LTE","5230","111","739.7","33.80062048,-117.22029265,416,311,480,11268,11320577,-109,LTE,LTE,5230,111"
"1344","3067","NLP","NETWORK","NLP_CRIME","33.8072721","-117.2203933","33.8025673","-117.2170857","605.873","1987.77","381.895","1252.94","04/05/2026 13:17:34","04/05/2026 13:17:39","5.016","","","1775423854458","1775423859474","Fix,NLP,33.8025673000,-117.2170857000,,,400.0,,1775423859474,,,4371221000000,,0,,,","33.80062048","-117.22029265","311","480","11268","11320577","-109","LTE","LTE","5230","111","367","33.80062048,-117.22029265,416,311,480,11268,11320577,-109,LTE,LTE,5230,111"
"1350","3082","NLP","NETWORK","NLP_CRIME","33.8025673","-117.2170857","33.8072721","-117.2203933","605.873","1987.77","756.924","2483.35","04/05/2026 13:17:39","04/05/2026 13:17:44","5.018","","","1775423859474","1775423864492","Fix,NLP,33.8072721000,-117.2203933000,,,899.999,,1775423864492,,,4376239000000,,0,,,","33.80062048","-117.22029265","311","480","11268","11320577","-109","LTE","LTE","5230","111","739.7","33.80062048,-117.22029265,416,311,480,11268,11320577,-109,LTE,LTE,5230,111"
"1356","3099","NLP","NETWORK","NLP_CRIME","33.8072721","-117.2203933","33.8019213","-117.2170857","668.88","2194.49","342.667","1124.24","04/05/2026 13:17:44","04/05/2026 13:17:49","5.012","","","1775423864492","1775423869504","Fix,NLP,33.8019213000,-117.2170857000,,,400.0,,1775423869504,,,4381251000000,,0,,,","33.80062048","-117.22029265","311","480","11268","11320577","-109","LTE","LTE","5230","111","329.7","33.80062048,-117.22029265,416,311,480,11268,11320577,-109,LTE,LTE,5230,111"
"1367","3130","NLP","NETWORK","NLP_CRIME","33.8019213","-117.2170857","33.8018339","-117.2174532","35.32","115.88","308.239","1011.28","04/05/2026 13:17:54","04/05/2026 13:17:59","5.024","","","1775423874519","1775423879543","Fix,NLP,33.8018339000,-117.2174532000,,,300.0,,1775423879543,,,4391290000000,,0,,,","33.80062048","-117.22029265","311","480","11268","11320577","-109","LTE","LTE","5230","111","295","33.80062048,-117.22029265,416,311,480,11268,11320577,-109,LTE,LTE,5230,111"
"1373","3144","NLP","NETWORK","NLP_CRIME","33.8018339","-117.2174532","33.8005307","-117.2270082","894.695","2935.35","614.896","2017.38","04/05/2026 13:17:59","04/05/2026 13:18:04","5.024","","","1775423879543","1775423884567","Fix,NLP,33.8005307000,-117.2270082000,,,600.0,,1775423884567,,,4396314000000,,0,,,","33.80057492","-117.2204512","311","480","11268","11297570","-104","LTE","LTE","1000","242","605.9","33.80057492,-117.2204512,405,311,480,11268,11297570,-104,LTE,LTE,1000,242"
"1394","3200","NLP","NETWORK","NLP_CRIME","33.8005307","-117.2270082","33.7971181","-117.2237007","487.234","1598.54","483.873","1587.51","04/05/2026 13:18:19","04/05/2026 13:18:24","5.009","","","1775423899604","1775423904613","Fix,NLP,33.7971181000,-117.2237007000,,,300.0,,1775423904613,,,4416360000000,,0,,,","33.80036954","-117.22042412","311","480","11268","11320577","-106","LTE","LTE","5230","111","471.6","33.80036954,-117.22042412,406,311,480,11268,11320577,-106,LTE,LTE,5230,111"
"1400","3215","NLP","NETWORK","NLP_CRIME","33.7971181","-117.2237007","33.7971446","-117.2222308","135.857","445.73","407.912","1338.29","04/05/2026 13:18:24","04/05/2026 13:18:29","5.011","","","1775423904613","1775423909624","Fix,NLP,33.7971446000,-117.2222308000,,,300.0,,1775423909624,,,4421371000000,,0,,,","33.80036954","-117.22042412","311","480","11268","11320577","-106","LTE","LTE","5230","111","395.6","33.80036954,-117.22042412,406,311,480,11268,11320577,-106,LTE,LTE,5230,111"
"1407","3232","NLP","NETWORK","NLP_CRIME","33.7971446","-117.2222308","33.8002776","-117.2205698","380.684","1248.96","28.841","94.62","04/05/2026 13:18:29","04/05/2026 13:18:34","5.113","","","1775423909624","1775423914737","Fix,NLP,33.8002776000,-117.2205698000,405.5,,31.472,,1775423914737,,,4426484000000,1.0,0,,,","33.80036954","-117.22042412","311","480","11268","11320577","-106","LTE","LTE","5230","111","16.9","33.80036954,-117.22042412,406,311,480,11268,11320577,-106,LTE,LTE,5230,111"
"1416","3254","NLP","NETWORK","NLP_CRIME","33.8002776","-117.2205698","33.800451","-117.2202969","31.743","104.14","5.501","18.05","04/05/2026 13:18:34","04/05/2026 13:18:40","5.788","","","1775423914737","1775423920525","Fix,NLP,33.8004510000,-117.2202969000,405.5,,26.382,,1775423920525,,,4432272000000,1.0,0,,,","33.80045138","-117.22031715","311","480","11268","11297570","-108","LTE","LTE","1000","242","1.9","33.80045138,-117.22031715,412,311,480,11268,11297570,-108,LTE,LTE,1000,242"
"1421","3265","NLP","NETWORK","NLP_CRIME","33.800451","-117.2202969","33.7971446","-117.2222308","408.782","1341.15","407.912","1338.29","04/05/2026 13:18:40","04/05/2026 13:18:47","7.108","","","1775423920525","1775423927633","Fix,NLP,33.7971446000,-117.2222308000,,,300.0,,1775423927633,,,4439380000000,,0,,,","33.80036954","-117.22042412","311","480","11268","11320577","-106","LTE","LTE","5230","111","395.6","33.80036954,-117.22042412,406,311,480,11268,11320577,-106,LTE,LTE,5230,111"
"1427","3283","NLP","NETWORK","NLP_CRIME","33.7971446","-117.2222308","33.8005307","-117.2270082","580.205","1903.56","614.896","2017.38","04/05/2026 13:18:47","04/05/2026 13:18:52","5.009","","","1775423927633","1775423932642","Fix,NLP,33.8005307000,-117.2270082000,,,600.0,,1775423932642,,,4444390000000,,0,,,","33.80057492","-117.2204512","311","480","11268","11297570","-104","LTE","LTE","1000","242","605.9","33.80057492,-117.2204512,405,311,480,11268,11297570,-104,LTE,LTE,1000,242"
"1433","3300","NLP","NETWORK","NLP_CRIME","33.8005307","-117.2270082","33.7980528","-117.2211283","609.186","1998.64","277.603","910.77","04/05/2026 13:18:52","04/05/2026 13:18:57","5.018","","","1775423932642","1775423937660","Fix,NLP,33.7980528000,-117.2211283000,,,300.0,,1775423937660,,,4449407000000,,0,,,","33.80034741","-117.22033806","311","480","11268","11297570","-98","LTE","LTE","1000","242","265.4","33.80034741,-117.22033806,403,311,480,11268,11297570,-98,LTE,LTE,1000,242"
"1439","3314","NLP","NETWORK","NLP_CRIME","33.7980528","-117.2211283","33.8005307","-117.2270082","609.186","1998.64","614.896","2017.38","04/05/2026 13:18:57","04/05/2026 13:19:02","5.014","","","1775423937660","1775423942674","Fix,NLP,33.8005307000,-117.2270082000,,,600.0,,1775423942674,,,4454421000000,,0,,,","33.80057492","-117.2204512","311","480","11268","11297570","-104","LTE","LTE","1000","242","605.9","33.80057492,-117.2204512,405,311,480,11268,11297570,-104,LTE,LTE,1000,242"
"1445","3327","NLP","NETWORK","NLP_CRIME","33.8005307","-117.2270082","33.8076482","-117.2174532","1185.66","3889.96","842.506","2764.13","04/05/2026 13:19:02","04/05/2026 13:19:07","5.018","","","1775423942674","1775423947692","Fix,NLP,33.8076482000,-117.2174532000,,,400.0,,1775423947692,,,4459439000000,,0,,,","33.80062048","-117.22029265","311","480","11268","11320577","-109","LTE","LTE","5230","111","824.3","33.80062048,-117.22029265,416,311,480,11268,11320577,-109,LTE,LTE,5230,111"
"1456","3357","NLP","NETWORK","NLP_CRIME","33.8076482","-117.2174532","33.8005307","-117.2270082","1185.66","3889.96","614.896","2017.38","04/05/2026 13:19:12","04/05/2026 13:19:17","5.009","","","1775423952703","1775423957712","Fix,NLP,33.8005307000,-117.2270082000,,,600.0,,1775423957712,,,4469459000000,,0,,,","33.80057492","-117.2204512","311","480","11268","11297570","-104","LTE","LTE","1000","242","605.9","33.80057492,-117.2204512,405,311,480,11268,11297570,-104,LTE,LTE,1000,242"
"1472","3397","NLP","NETWORK","NLP_CRIME","33.8005307","-117.2270082","33.7971181","-117.2237007","487.234","1598.54","483.873","1587.51","04/05/2026 13:19:27","04/05/2026 13:19:32","5.025","","","1775423967734","1775423972759","Fix,NLP,33.7971181000,-117.2237007000,,,300.0,,1775423972759,,,4484506000000,,0,,,","33.80036954","-117.22042412","311","480","11268","11320577","-106","LTE","LTE","5230","111","471.6","33.80036954,-117.22042412,406,311,480,11268,11320577,-106,LTE,LTE,5230,111"
"1489","3440","NLP","NETWORK","NLP_CRIME","33.7971181","-117.2237007","33.8002169","-117.2205236","452.674","1485.15","31.728","104.09","04/05/2026 13:19:42","04/05/2026 13:19:47","5.114","","","1775423982798","1775423987912","Fix,NLP,33.8002169000,-117.2205236000,405.4000244140625,,30.254,,1775423987912,,,4499659000000,1.0,0,,,","33.80036954","-117.22042412","311","480","11268","11320577","-106","LTE","LTE","5230","111","19.3","33.80036954,-117.22042412,406,311,480,11268,11320577,-106,LTE,LTE,5230,111"
"1495","3453","NLP","NETWORK","NLP_CRIME","33.8002169","-117.2205236","33.8005182","-117.2202334","42.913","140.79","12.616","41.39","04/05/2026 13:19:47","04/05/2026 13:19:52","4.396","","","1775423987912","1775423992308","Fix,NLP,33.8005182000,-117.2202334000,405.5,,21.977,,1775423992308,,,4504055000000,1.0,0,,,","33.80047585","-117.22027869","311","480","11268","11297539","-102","LTE","LTE","5230","242","6.3","33.80047585,-117.22027869,399,311,480,11268,11297539,-102,LTE,LTE,5230,242"
