timestamp,dose_rate_uSvh,raw,elevated
2026-03-20T02:19:08+00:00,31.29,3129,True
2026-03-20T02:29:08+00:00,31.31,3131,True
2026-03-20T02:39:08+00:00,31.33,3133,True
2026-03-20T02:49:08+00:00,31.36,3136,True
2026-03-20T02:59:08+00:00,31.39,3139,True
2026-03-20T03:09:08+00:00,31.41,3141,True
2026-03-20T03:19:08+00:00,31.44,3144,True
2026-03-20T03:29:08+00:00,31.46,3146,True
2026-03-20T03:39:08+00:00,31.48,3148,True
2026-03-20T03:49:08+00:00,31.51,3151,True
2026-03-20T03:59:08+00:00,31.54,3154,True
2026-03-20T04:09:08+00:00,31.56,3156,True
2026-03-20T04:19:08+00:00,31.59,3159,True
2026-03-20T04:29:08+00:00,31.61,3161,True
2026-03-20T04:39:08+00:00,31.63,3163,True
2026-03-20T04:49:08+00:00,31.66,3166,True
2026-03-20T04:59:08+00:00,31.68,3168,True
2026-03-20T05:09:08+00:00,31.7,3170,True
2026-03-20T05:19:08+00:00,31.73,3173,True
2026-03-20T05:29:08+00:00,31.74,3174,True
2026-03-20T05:39:08+00:00,31.77,3177,True
2026-03-20T05:49:08+00:00,31.79,3179,True
2026-03-20T05:59:08+00:00,31.81,3181,True
2026-03-20T06:09:08+00:00,31.84,3184,True
2026-03-20T06:19:08+00:00,31.86,3186,True
2026-03-20T06:29:08+00:00,31.88,3188,True
2026-03-20T06:39:08+00:00,31.91,3191,True
2026-03-20T06:49:08+00:00,31.93,3193,True
2026-03-20T06:59:08+00:00,31.95,3195,True
2026-03-20T07:09:08+00:00,31.97,3197,True
2026-03-20T07:19:08+00:00,0.11,11,False
2026-03-20T07:29:08+00:00,26.12,2612,True
2026-03-20T07:39:08+00:00,26.12,2612,True
2026-03-20T07:49:08+00:00,21.0,2100,True
2026-03-20T07:59:08+00:00,15.88,1588,True
2026-03-20T08:09:08+00:00,15.88,1588,True
2026-03-20T08:19:08+00:00,13.32,1332,True
2026-03-20T08:29:08+00:00,13.32,1332,True
2026-03-20T08:39:08+00:00,13.32,1332,True
2026-03-20T08:49:08+00:00,15.88,1588,True
2026-03-20T08:59:08+00:00,15.88,1588,True
2026-03-20T09:09:08+00:00,15.88,1588,True
2026-03-20T09:19:08+00:00,15.88,1588,True
2026-03-20T09:29:08+00:00,15.88,1588,True
2026-03-20T09:39:08+00:00,15.88,1588,True
2026-03-20T09:49:08+00:00,15.88,1588,True
2026-03-20T09:59:08+00:00,15.88,1588,True
2026-03-20T10:09:08+00:00,15.88,1588,True
2026-03-20T10:19:08+00:00,18.44,1844,True
2026-03-20T10:29:08+00:00,18.44,1844,True
2026-03-20T10:39:08+00:00,21.0,2100,True
2026-03-20T10:49:08+00:00,23.56,2356,True
2026-03-20T10:59:08+00:00,23.56,2356,True
2026-03-20T11:09:08+00:00,23.56,2356,True
2026-03-20T11:19:08+00:00,23.56,2356,True
2026-03-20T11:29:08+00:00,23.56,2356,True
2026-03-20T11:39:08+00:00,23.56,2356,True
2026-03-20T11:49:08+00:00,23.56,2356,True
2026-03-20T11:59:08+00:00,21.0,2100,True
2026-03-20T12:09:08+00:00,19.67,1967,True
2026-03-20T12:19:08+00:00,0.07,7,False
2026-03-20T12:29:08+00:00,18.44,1844,True
2026-03-20T12:39:08+00:00,18.44,1844,True
2026-03-20T12:49:08+00:00,18.44,1844,True
2026-03-20T12:59:08+00:00,21.0,2100,True
2026-03-20T13:09:08+00:00,21.0,2100,True
2026-03-20T13:19:08+00:00,23.56,2356,True
2026-03-20T13:29:08+00:00,23.56,2356,True
2026-03-20T13:39:08+00:00,26.12,2612,True
2026-03-20T13:49:08+00:00,26.12,2612,True
2026-03-20T13:59:08+00:00,23.56,2356,True
2026-03-20T14:09:08+00:00,21.0,2100,True
2026-03-20T14:19:08+00:00,21.0,2100,True
2026-03-20T14:29:08+00:00,21.0,2100,True
2026-03-20T14:39:08+00:00,21.0,2100,True
2026-03-20T14:49:08+00:00,23.56,2356,True
2026-03-20T14:59:08+00:00,26.12,2612,True
2026-03-20T15:09:08+00:00,28.68,2868,True
2026-03-20T15:19:08+00:00,31.24,3124,True
2026-03-20T15:29:08+00:00,36.36,3636,True
2026-03-20T15:39:08+00:00,41.48,4148,True
2026-03-20T15:49:08+00:00,44.04,4404,True
2026-03-20T15:59:08+00:00,46.6,4660,True
2026-03-20T16:09:08+00:00,44.04,4404,True
2026-03-20T16:19:08+00:00,41.48,4148,True
2026-03-20T16:29:08+00:00,38.92,3892,True
2026-03-20T16:39:08+00:00,33.8,3380,True
2026-03-20T16:49:08+00:00,31.24,3124,True
2026-03-20T16:59:08+00:00,28.68,2868,True
2026-03-20T17:09:08+00:00,27.76,2776,True
2026-03-20T17:19:08+00:00,0.09,9,False
2026-03-20T17:29:08+00:00,23.56,2356,True
2026-03-20T17:39:08+00:00,23.56,2356,True
2026-03-20T17:49:08+00:00,23.56,2356,True
2026-03-20T17:59:08+00:00,23.56,2356,True
2026-03-20T18:09:08+00:00,26.12,2612,True
2026-03-20T18:19:08+00:00,23.56,2356,True
2026-03-20T18:29:08+00:00,23.56,2356,True
2026-03-20T18:39:08+00:00,21.0,2100,True
2026-03-20T18:49:08+00:00,21.0,2100,True
2026-03-20T18:59:08+00:00,21.0,2100,True
2026-03-20T19:09:08+00:00,23.56,2356,True
2026-03-20T19:19:08+00:00,26.12,2612,True
2026-03-20T19:29:08+00:00,28.68,2868,True
2026-03-20T19:39:08+00:00,31.24,3124,True
2026-03-20T19:49:08+00:00,31.24,3124,True
2026-03-20T19:59:08+00:00,33.8,3380,True
2026-03-20T20:09:08+00:00,33.8,3380,True
2026-03-20T20:19:08+00:00,33.8,3380,True
2026-03-20T20:29:08+00:00,33.8,3380,True
2026-03-20T20:39:08+00:00,33.8,3380,True
2026-03-20T20:49:08+00:00,31.24,3124,True
2026-03-20T20:59:08+00:00,31.24,3124,True
2026-03-20T21:09:08+00:00,28.68,2868,True
2026-03-20T21:19:08+00:00,28.68,2868,True
2026-03-20T21:29:08+00:00,31.24,3124,True
2026-03-20T21:39:08+00:00,33.8,3380,True
2026-03-20T21:49:08+00:00,38.92,3892,True
2026-03-20T21:59:08+00:00,41.48,4148,True
2026-03-20T22:09:08+00:00,45.16,4516,True
2026-03-20T22:19:08+00:00,0.18,18,False
2026-03-20T22:29:08+00:00,46.6,4660,True
2026-03-20T22:39:08+00:00,46.6,4660,True
2026-03-20T22:49:08+00:00,44.04,4404,True
2026-03-20T22:59:08+00:00,44.04,4404,True
2026-03-20T23:09:08+00:00,46.6,4660,True
2026-03-20T23:19:08+00:00,46.6,4660,True
2026-03-20T23:29:08+00:00,46.6,4660,True
2026-03-20T23:39:08+00:00,44.04,4404,True
2026-03-20T23:49:08+00:00,44.04,4404,True
2026-03-20T23:59:08+00:00,41.48,4148,True
2026-03-21T00:09:08+00:00,38.92,3892,True
2026-03-21T00:19:08+00:00,38.92,3892,True
2026-03-21T00:29:08+00:00,36.36,3636,True
2026-03-21T00:39:08+00:00,36.36,3636,True
2026-03-21T00:49:08+00:00,31.24,3124,True
2026-03-21T00:59:08+00:00,28.68,2868,True
2026-03-21T01:09:08+00:00,26.12,2612,True
2026-03-21T01:19:08+00:00,21.0,2100,True
2026-03-21T01:29:08+00:00,21.0,2100,True
2026-03-21T01:39:08+00:00,21.0,2100,True
2026-03-21T01:49:08+00:00,21.0,2100,True
2026-03-21T01:59:08+00:00,23.56,2356,True
2026-03-21T02:09:08+00:00,26.12,2612,True
2026-03-21T02:19:08+00:00,28.68,2868,True
2026-03-21T02:29:08+00:00,31.24,3124,True
2026-03-21T02:39:08+00:00,31.24,3124,True
2026-03-21T02:49:08+00:00,31.24,3124,True
2026-03-21T02:59:08+00:00,31.24,3124,True
2026-03-21T03:09:08+00:00,32.43,3243,True
2026-03-21T03:19:08+00:00,0.11,11,False
2026-03-21T03:29:08+00:00,31.24,3124,True
2026-03-21T03:39:08+00:00,31.24,3124,True
2026-03-21T03:49:08+00:00,28.68,2868,True
2026-03-21T03:59:08+00:00,31.24,3124,True
2026-03-21T04:09:08+00:00,33.8,3380,True
2026-03-21T04:19:08+00:00,36.36,3636,True
2026-03-21T04:29:08+00:00,38.92,3892,True
2026-03-21T04:39:08+00:00,41.48,4148,True
2026-03-21T04:49:08+00:00,46.6,4660,True
2026-03-21T04:59:08+00:00,49.16,4916,True
2026-03-21T05:09:08+00:00,49.16,4916,True
2026-03-21T05:19:08+00:00,46.6,4660,True
2026-03-21T05:29:08+00:00,44.04,4404,True
2026-03-21T05:39:08+00:00,44.04,4404,True
2026-03-21T05:49:08+00:00,41.48,4148,True
2026-03-21T05:59:08+00:00,38.92,3892,True
2026-03-21T06:09:08+00:00,41.48,4148,True
2026-03-21T06:19:08+00:00,41.48,4148,True
2026-03-21T06:29:08+00:00,44.04,4404,True
2026-03-21T06:39:08+00:00,46.6,4660,True
2026-03-21T06:49:08+00:00,49.16,4916,True
2026-03-21T06:59:08+00:00,51.72,5172,True
2026-03-21T07:09:08+00:00,54.28,5428,True
2026-03-21T07:19:08+00:00,51.72,5172,True
2026-03-21T07:29:08+00:00,51.72,5172,True
2026-03-21T07:39:08+00:00,51.72,5172,True
2026-03-21T07:49:08+00:00,51.72,5172,True
2026-03-21T07:59:08+00:00,46.6,4660,True
2026-03-21T08:09:08+00:00,45.52,4552,True
2026-03-21T08:19:08+00:00,41.48,4148,True
2026-03-21T08:29:08+00:00,36.36,3636,True
2026-03-21T08:39:08+00:00,31.24,3124,True
2026-03-21T08:49:08+00:00,28.68,2868,True
2026-03-21T08:59:08+00:00,23.56,2356,True
2026-03-21T09:09:08+00:00,23.56,2356,True
2026-03-21T09:19:08+00:00,18.44,1844,True
2026-03-21T09:29:08+00:00,15.88,1588,True
2026-03-21T09:39:08+00:00,15.88,1588,True
2026-03-21T09:49:08+00:00,15.88,1588,True
2026-03-21T09:59:08+00:00,15.88,1588,True
2026-03-21T10:09:08+00:00,18.44,1844,True
2026-03-21T10:19:08+00:00,18.44,1844,True
2026-03-21T10:29:08+00:00,23.56,2356,True
2026-03-21T10:39:08+00:00,26.12,2612,True
2026-03-21T10:49:08+00:00,31.24,3124,True
2026-03-21T10:59:08+00:00,33.8,3380,True
2026-03-21T11:09:08+00:00,36.36,3636,True
2026-03-21T11:19:08+00:00,33.8,3380,True
2026-03-21T11:29:08+00:00,31.24,3124,True
2026-03-21T11:39:08+00:00,28.68,2868,True
2026-03-21T11:49:08+00:00,26.12,2612,True
2026-03-21T11:59:08+00:00,26.12,2612,True
2026-03-21T12:09:08+00:00,26.12,2612,True
2026-03-21T12:19:08+00:00,26.12,2612,True
2026-03-21T12:29:08+00:00,26.12,2612,True
2026-03-21T12:39:08+00:00,23.56,2356,True
2026-03-21T12:49:08+00:00,23.56,2356,True
2026-03-21T12:59:08+00:00,23.56,2356,True
2026-03-21T13:09:08+00:00,27.8,2780,True
2026-03-21T13:19:08+00:00,28.68,2868,True
2026-03-21T13:29:08+00:00,26.12,2612,True
2026-03-21T13:39:08+00:00,26.12,2612,True
2026-03-21T13:49:08+00:00,28.68,2868,True
2026-03-21T13:59:08+00:00,26.12,2612,True
2026-03-21T14:09:08+00:00,26.12,2612,True
2026-03-21T14:19:08+00:00,26.12,2612,True
2026-03-21T14:29:08+00:00,26.12,2612,True
2026-03-21T14:39:08+00:00,26.12,2612,True
2026-03-21T14:49:08+00:00,23.56,2356,True
2026-03-21T14:59:08+00:00,23.56,2356,True
2026-03-21T15:09:08+00:00,21.0,2100,True
2026-03-21T15:19:08+00:00,21.0,2100,True
2026-03-21T15:29:08+00:00,21.0,2100,True
2026-03-21T15:39:08+00:00,18.44,1844,True
2026-03-21T15:49:08+00:00,18.44,1844,True
2026-03-21T15:59:08+00:00,15.88,1588,True
2026-03-21T16:09:08+00:00,13.32,1332,True
2026-03-21T16:19:08+00:00,13.32,1332,True
2026-03-21T16:29:08+00:00,13.32,1332,True
2026-03-21T16:39:08+00:00,13.32,1332,True
2026-03-21T16:49:08+00:00,15.88,1588,True
2026-03-21T16:59:08+00:00,18.44,1844,True
2026-03-21T17:09:08+00:00,18.44,1844,True
2026-03-21T17:19:08+00:00,21.0,2100,True
2026-03-21T17:29:08+00:00,23.56,2356,True
2026-03-21T17:39:08+00:00,26.12,2612,True
2026-03-21T17:49:08+00:00,31.24,3124,True
2026-03-21T17:59:08+00:00,33.8,3380,True
2026-03-21T18:09:08+00:00,37.07,3707,True
2026-03-21T18:19:08+00:00,38.92,3892,True
2026-03-21T18:29:08+00:00,38.92,3892,True
2026-03-21T18:39:08+00:00,36.36,3636,True
2026-03-21T18:49:08+00:00,33.8,3380,True
2026-03-21T18:59:08+00:00,31.24,3124,True
2026-03-21T19:09:08+00:00,28.68,2868,True
2026-03-21T19:19:08+00:00,28.68,2868,True
2026-03-21T19:29:08+00:00,26.12,2612,True
2026-03-21T19:39:08+00:00,26.12,2612,True
2026-03-21T19:49:08+00:00,23.56,2356,True
2026-03-21T19:59:08+00:00,21.0,2100,True
2026-03-21T20:09:08+00:00,21.0,2100,True
2026-03-21T20:19:08+00:00,23.56,2356,True
2026-03-21T20:29:08+00:00,23.56,2356,True
2026-03-21T20:39:08+00:00,23.56,2356,True
2026-03-21T20:49:08+00:00,23.56,2356,True
2026-03-21T20:59:08+00:00,21.0,2100,True
2026-03-21T21:09:08+00:00,21.0,2100,True
2026-03-21T21:19:08+00:00,21.0,2100,True
2026-03-21T21:29:08+00:00,21.0,2100,True
2026-03-21T21:39:08+00:00,23.56,2356,True
2026-03-21T21:49:08+00:00,26.12,2612,True
2026-03-21T21:59:08+00:00,26.12,2612,True
2026-03-21T22:09:08+00:00,26.12,2612,True
2026-03-21T22:19:08+00:00,26.12,2612,True
2026-03-21T22:29:08+00:00,26.12,2612,True
2026-03-21T22:39:08+00:00,28.68,2868,True
2026-03-21T22:49:08+00:00,31.24,3124,True
2026-03-21T22:59:08+00:00,31.24,3124,True
2026-03-21T23:09:08+00:00,31.82,3182,True
2026-03-21T23:19:08+00:00,33.8,3380,True
2026-03-21T23:29:08+00:00,33.8,3380,True
2026-03-21T23:39:08+00:00,33.8,3380,True
2026-03-21T23:49:08+00:00,33.8,3380,True
2026-03-21T23:59:08+00:00,36.36,3636,True
2026-03-22T00:09:08+00:00,36.36,3636,True
2026-03-22T00:19:08+00:00,36.36,3636,True
2026-03-22T00:29:08+00:00,38.92,3892,True
2026-03-22T00:39:08+00:00,38.92,3892,True
2026-03-22T00:49:08+00:00,44.04,4404,True
2026-03-22T00:59:08+00:00,46.6,4660,True
2026-03-22T01:09:08+00:00,49.16,4916,True
2026-03-22T01:19:08+00:00,54.28,5428,True
2026-03-22T01:29:08+00:00,56.84,5684,True
2026-03-22T01:39:08+00:00,56.84,5684,True
2026-03-22T01:49:08+00:00,59.4,5940,True
2026-03-22T01:59:08+00:00,56.84,5684,True
2026-03-22T02:09:08+00:00,51.72,5172,True
2026-03-22T02:19:08+00:00,46.6,4660,True
2026-03-22T02:29:08+00:00,41.48,4148,True
2026-03-22T02:39:08+00:00,36.36,3636,True
2026-03-22T02:49:08+00:00,28.68,2868,True
2026-03-22T02:59:08+00:00,23.56,2356,True
2026-03-22T03:09:08+00:00,18.44,1844,True
2026-03-22T03:19:08+00:00,15.88,1588,True
2026-03-22T03:29:08+00:00,15.88,1588,True
2026-03-22T03:39:08+00:00,15.88,1588,True
2026-03-22T03:49:08+00:00,15.88,1588,True
2026-03-22T03:59:08+00:00,18.44,1844,True
2026-03-22T04:09:08+00:00,22.07,2207,True
2026-03-22T04:19:08+00:00,21.0,2100,True
2026-03-22T04:29:08+00:00,23.56,2356,True
2026-03-22T04:39:08+00:00,26.12,2612,True
2026-03-22T04:49:08+00:00,28.68,2868,True
2026-03-22T04:59:08+00:00,26.12,2612,True
2026-03-22T05:09:08+00:00,26.12,2612,True
2026-03-22T05:19:08+00:00,26.12,2612,True
2026-03-22T05:29:08+00:00,26.12,2612,True
2026-03-22T05:39:08+00:00,23.56,2356,True
2026-03-22T05:49:08+00:00,21.0,2100,True
2026-03-22T05:59:08+00:00,21.0,2100,True
2026-03-22T06:09:08+00:00,21.0,2100,True
2026-03-22T06:19:08+00:00,18.44,1844,True
2026-03-22T06:29:08+00:00,21.0,2100,True
2026-03-22T06:39:08+00:00,21.0,2100,True
2026-03-22T06:49:08+00:00,23.56,2356,True
2026-03-22T06:59:08+00:00,23.56,2356,True
2026-03-22T07:09:08+00:00,26.12,2612,True
2026-03-22T07:19:08+00:00,28.68,2868,True
2026-03-22T07:29:08+00:00,31.24,3124,True
2026-03-22T07:39:08+00:00,28.68,2868,True
2026-03-22T07:49:08+00:00,28.68,2868,True
2026-03-22T07:59:08+00:00,26.12,2612,True
2026-03-22T08:09:08+00:00,26.12,2612,True
2026-03-22T08:19:08+00:00,23.56,2356,True
2026-03-22T08:29:08+00:00,26.12,2612,True
2026-03-22T08:39:08+00:00,26.12,2612,True
2026-03-22T08:49:08+00:00,28.68,2868,True
2026-03-22T08:59:08+00:00,28.68,2868,True
2026-03-22T09:09:08+00:00,32.92,3292,True
2026-03-22T09:19:08+00:00,31.24,3124,True
2026-03-22T09:29:08+00:00,33.8,3380,True
2026-03-22T09:39:08+00:00,33.8,3380,True
2026-03-22T09:49:08+00:00,36.36,3636,True
2026-03-22T09:59:08+00:00,36.36,3636,True
2026-03-22T10:09:08+00:00,41.48,4148,True
2026-03-22T10:19:08+00:00,44.04,4404,True
2026-03-22T10:29:08+00:00,49.16,4916,True
2026-03-22T10:39:08+00:00,51.72,5172,True
2026-03-22T10:49:08+00:00,56.84,5684,True
2026-03-22T10:59:08+00:00,59.4,5940,True
2026-03-22T11:09:08+00:00,61.96,6196,True
2026-03-22T11:19:08+00:00,64.52,6452,True
2026-03-22T11:29:08+00:00,67.08,6708,True
2026-03-22T11:39:08+00:00,64.52,6452,True
2026-03-22T11:49:08+00:00,59.4,5940,True
2026-03-22T11:59:08+00:00,51.72,5172,True
2026-03-22T12:09:08+00:00,44.04,4404,True
2026-03-22T12:19:08+00:00,38.92,3892,True
2026-03-22T12:29:08+00:00,33.8,3380,True
2026-03-22T12:39:08+00:00,31.24,3124,True
2026-03-22T12:49:08+00:00,28.68,2868,True
2026-03-22T12:59:08+00:00,26.12,2612,True
2026-03-22T13:09:08+00:00,23.56,2356,True
2026-03-22T13:19:08+00:00,21.0,2100,True
2026-03-22T13:29:08+00:00,18.44,1844,True
2026-03-22T13:39:08+00:00,18.44,1844,True
2026-03-22T13:49:08+00:00,18.44,1844,True
2026-03-22T13:59:08+00:00,15.88,1588,True
2026-03-22T14:09:08+00:00,16.01,1601,True
2026-03-22T14:19:08+00:00,15.88,1588,True
2026-03-22T14:29:08+00:00,13.32,1332,True
2026-03-22T14:39:08+00:00,13.32,1332,True
2026-03-22T14:49:08+00:00,13.32,1332,True
2026-03-22T14:59:08+00:00,15.88,1588,True
2026-03-22T15:09:08+00:00,21.0,2100,True
2026-03-22T15:19:08+00:00,23.56,2356,True
2026-03-22T15:29:08+00:00,23.56,2356,True
2026-03-22T15:39:08+00:00,26.12,2612,True
2026-03-22T15:49:08+00:00,26.12,2612,True
2026-03-22T15:59:08+00:00,28.68,2868,True
2026-03-22T16:09:08+00:00,31.24,3124,True
2026-03-22T16:19:08+00:00,33.8,3380,True
2026-03-22T16:29:08+00:00,38.92,3892,True
2026-03-22T16:39:08+00:00,41.48,4148,True
2026-03-22T16:49:08+00:00,44.04,4404,True
2026-03-22T16:59:08+00:00,44.04,4404,True
2026-03-22T17:09:08+00:00,44.04,4404,True
2026-03-22T17:19:08+00:00,44.04,4404,True
2026-03-22T17:29:08+00:00,44.04,4404,True
2026-03-22T17:39:08+00:00,41.48,4148,True
2026-03-22T17:49:08+00:00,38.92,3892,True
2026-03-22T17:59:08+00:00,33.8,3380,True
2026-03-22T18:09:08+00:00,33.8,3380,True
2026-03-22T18:19:08+00:00,28.68,2868,True
2026-03-22T18:29:08+00:00,26.12,2612,True
2026-03-22T18:39:08+00:00,23.56,2356,True
2026-03-22T18:49:08+00:00,23.56,2356,True
2026-03-22T18:59:08+00:00,23.56,2356,True
2026-03-22T19:09:08+00:00,21.9,2190,True
2026-03-22T19:19:08+00:00,18.44,1844,True
2026-03-22T19:29:08+00:00,15.88,1588,True
2026-03-22T19:39:08+00:00,15.88,1588,True
2026-03-22T19:49:08+00:00,13.32,1332,True
2026-03-22T19:59:08+00:00,13.32,1332,True
2026-03-22T20:09:08+00:00,13.32,1332,True
2026-03-22T20:19:08+00:00,15.88,1588,True
2026-03-22T20:29:08+00:00,15.88,1588,True
2026-03-22T20:39:08+00:00,18.44,1844,True
2026-03-22T20:49:08+00:00,18.44,1844,True
2026-03-22T20:59:08+00:00,23.56,2356,True
2026-03-22T21:09:08+00:00,26.12,2612,True
2026-03-22T21:19:08+00:00,28.68,2868,True
2026-03-22T21:29:08+00:00,28.68,2868,True
2026-03-22T21:39:08+00:00,28.68,2868,True
2026-03-22T21:49:08+00:00,26.12,2612,True
2026-03-22T21:59:08+00:00,23.56,2356,True
2026-03-22T22:09:08+00:00,21.0,2100,True
2026-03-22T22:19:08+00:00,21.0,2100,True
2026-03-22T22:29:08+00:00,21.0,2100,True
2026-03-22T22:39:08+00:00,26.12,2612,True
2026-03-22T22:49:08+00:00,28.68,2868,True
2026-03-22T22:59:08+00:00,33.8,3380,True
2026-03-22T23:09:08+00:00,38.92,3892,True
2026-03-22T23:19:08+00:00,41.48,4148,True
2026-03-22T23:29:08+00:00,41.48,4148,True
2026-03-22T23:39:08+00:00,44.04,4404,True
2026-03-22T23:49:08+00:00,44.04,4404,True
2026-03-22T23:59:08+00:00,44.04,4404,True
2026-03-23T00:09:08+00:00,38.83,3883,True
2026-03-23T00:19:08+00:00,36.36,3636,True
2026-03-23T00:29:08+00:00,33.8,3380,True
2026-03-23T00:39:08+00:00,28.68,2868,True
2026-03-23T00:49:08+00:00,26.12,2612,True
2026-03-23T00:59:08+00:00,21.0,2100,True
2026-03-23T01:09:08+00:00,21.0,2100,True
2026-03-23T01:19:08+00:00,18.44,1844,True
2026-03-23T01:29:08+00:00,15.88,1588,True
2026-03-23T01:39:08+00:00,15.88,1588,True
2026-03-23T01:49:08+00:00,15.88,1588,True
2026-03-23T01:59:08+00:00,13.32,1332,True
2026-03-23T02:09:08+00:00,10.76,1076,True
2026-03-23T02:19:08+00:00,10.76,1076,True
2026-03-23T02:29:08+00:00,10.76,1076,True
2026-03-23T02:39:08+00:00,10.76,1076,True
2026-03-23T02:49:08+00:00,10.76,1076,True
2026-03-23T02:59:08+00:00,13.32,1332,True
2026-03-23T03:09:08+00:00,15.88,1588,True
2026-03-23T03:19:08+00:00,21.0,2100,True
2026-03-23T03:29:08+00:00,26.12,2612,True
2026-03-23T03:39:08+00:00,28.68,2868,True
2026-03-23T03:49:08+00:00,31.24,3124,True
2026-03-23T03:59:08+00:00,31.24,3124,True
2026-03-23T04:09:08+00:00,33.8,3380,True
2026-03-23T04:19:08+00:00,33.8,3380,True
2026-03-23T04:29:08+00:00,33.8,3380,True
2026-03-23T04:39:08+00:00,33.8,3380,True
2026-03-23T04:49:08+00:00,31.24,3124,True
2026-03-23T04:59:08+00:00,28.68,2868,True
2026-03-23T05:09:08+00:00,27.84,2784,True
2026-03-23T05:19:08+00:00,26.12,2612,True
2026-03-23T05:29:08+00:00,28.68,2868,True
2026-03-23T05:39:08+00:00,31.24,3124,True
2026-03-23T05:49:08+00:00,33.8,3380,True
2026-03-23T05:59:08+00:00,38.92,3892,True
2026-03-23T06:09:08+00:00,41.48,4148,True
2026-03-23T06:19:08+00:00,44.04,4404,True
2026-03-23T06:29:08+00:00,49.16,4916,True
2026-03-23T06:39:08+00:00,49.16,4916,True
2026-03-23T06:49:08+00:00,51.72,5172,True
2026-03-23T06:59:08+00:00,49.16,4916,True
2026-03-23T07:09:08+00:00,46.6,4660,True
2026-03-23T07:19:08+00:00,44.04,4404,True
2026-03-23T07:29:08+00:00,41.48,4148,True
2026-03-23T07:39:08+00:00,38.92,3892,True
2026-03-23T07:49:08+00:00,33.8,3380,True
2026-03-23T07:59:08+00:00,31.24,3124,True
2026-03-23T08:09:08+00:00,28.68,2868,True
2026-03-23T08:19:08+00:00,26.12,2612,True
2026-03-23T08:29:08+00:00,28.68,2868,True
2026-03-23T08:39:08+00:00,31.24,3124,True
2026-03-23T08:49:08+00:00,38.92,3892,True
2026-03-23T08:59:08+00:00,44.04,4404,True
2026-03-23T09:09:08+00:00,46.6,4660,True
2026-03-23T09:19:08+00:00,44.04,4404,True
2026-03-23T09:29:08+00:00,44.04,4404,True
2026-03-23T09:39:08+00:00,44.04,4404,True
2026-03-23T09:49:08+00:00,44.04,4404,True
2026-03-23T09:59:08+00:00,41.48,4148,True
2026-03-23T10:09:08+00:00,39.4,3940,True
2026-03-23T10:19:08+00:00,33.8,3380,True
2026-03-23T10:29:08+00:00,31.24,3124,True
2026-03-23T10:39:08+00:00,26.12,2612,True
2026-03-23T10:49:08+00:00,26.12,2612,True
2026-03-23T10:59:08+00:00,28.68,2868,True
2026-03-23T11:09:08+00:00,31.24,3124,True
2026-03-23T11:19:08+00:00,36.36,3636,True
2026-03-23T11:29:08+00:00,38.92,3892,True
2026-03-23T11:39:08+00:00,41.48,4148,True
2026-03-23T11:49:08+00:00,41.48,4148,True
2026-03-23T11:59:08+00:00,41.48,4148,True
2026-03-23T12:09:08+00:00,41.48,4148,True
2026-03-23T12:19:08+00:00,41.48,4148,True
2026-03-23T12:29:08+00:00,44.04,4404,True
2026-03-23T12:39:08+00:00,44.04,4404,True
2026-03-23T12:49:08+00:00,44.04,4404,True
2026-03-23T12:59:08+00:00,44.04,4404,True
2026-03-23T13:09:08+00:00,41.48,4148,True
2026-03-23T13:19:08+00:00,41.48,4148,True
2026-03-23T13:29:08+00:00,44.04,4404,True
2026-03-23T13:39:08+00:00,44.04,4404,True
2026-03-23T13:49:08+00:00,44.04,4404,True
2026-03-23T13:59:08+00:00,44.04,4404,True
2026-03-23T14:09:08+00:00,44.04,4404,True
2026-03-23T14:19:08+00:00,46.6,4660,True
2026-03-23T14:29:08+00:00,49.16,4916,True
2026-03-23T14:39:08+00:00,51.72,5172,True
2026-03-23T14:49:08+00:00,56.84,5684,True
2026-03-23T14:59:08+00:00,56.84,5684,True
2026-03-23T15:09:08+00:00,54.44,5444,True
2026-03-23T15:19:08+00:00,54.28,5428,True
2026-03-23T15:29:08+00:00,54.28,5428,True
2026-03-23T15:39:08+00:00,54.28,5428,True
2026-03-23T15:49:08+00:00,51.72,5172,True
2026-03-23T15:59:08+00:00,51.72,5172,True
2026-03-23T16:09:08+00:00,44.04,4404,True
2026-03-23T16:19:08+00:00,41.48,4148,True
2026-03-23T16:29:08+00:00,36.36,3636,True
2026-03-23T16:39:08+00:00,33.8,3380,True
2026-03-23T16:49:08+00:00,31.24,3124,True
2026-03-23T16:59:08+00:00,28.68,2868,True
2026-03-23T17:09:08+00:00,26.12,2612,True
2026-03-23T17:19:08+00:00,21.0,2100,True
2026-03-23T17:29:08+00:00,18.44,1844,True
2026-03-23T17:39:08+00:00,15.88,1588,True
2026-03-23T17:49:08+00:00,18.44,1844,True
2026-03-23T17:59:08+00:00,21.0,2100,True
2026-03-23T18:09:08+00:00,23.56,2356,True
2026-03-23T18:19:08+00:00,23.56,2356,True
2026-03-23T18:29:08+00:00,26.12,2612,True
2026-03-23T18:39:08+00:00,26.12,2612,True
2026-03-23T18:49:08+00:00,28.68,2868,True
2026-03-23T18:59:08+00:00,28.68,2868,True
2026-03-23T19:09:08+00:00,28.68,2868,True
2026-03-23T19:19:08+00:00,28.68,2868,True
2026-03-23T19:29:08+00:00,23.56,2356,True
2026-03-23T19:39:08+00:00,23.56,2356,True
2026-03-23T19:49:08+00:00,18.44,1844,True
2026-03-23T19:59:08+00:00,18.44,1844,True
2026-03-23T20:09:08+00:00,21.87,2187,True
2026-03-23T20:19:08+00:00,23.56,2356,True
2026-03-23T20:29:08+00:00,26.12,2612,True
2026-03-23T20:39:08+00:00,26.12,2612,True
2026-03-23T20:49:08+00:00,28.68,2868,True
2026-03-23T20:59:08+00:00,28.68,2868,True
2026-03-23T21:09:08+00:00,31.24,3124,True
2026-03-23T21:19:08+00:00,31.24,3124,True
2026-03-23T21:29:08+00:00,28.68,2868,True
2026-03-23T21:39:08+00:00,28.68,2868,True
2026-03-23T21:49:08+00:00,23.56,2356,True
2026-03-23T21:59:08+00:00,23.56,2356,True
2026-03-23T22:09:08+00:00,23.56,2356,True
2026-03-23T22:19:08+00:00,21.0,2100,True
2026-03-23T22:29:08+00:00,23.56,2356,True
2026-03-23T22:39:08+00:00,23.56,2356,True
2026-03-23T22:49:08+00:00,23.56,2356,True
2026-03-23T22:59:08+00:00,21.0,2100,True
2026-03-23T23:09:08+00:00,21.0,2100,True
2026-03-23T23:19:08+00:00,23.56,2356,True
2026-03-23T23:29:08+00:00,23.56,2356,True
2026-03-23T23:39:08+00:00,23.56,2356,True
2026-03-23T23:49:08+00:00,26.12,2612,True
2026-03-23T23:59:08+00:00,26.12,2612,True
2026-03-24T00:09:08+00:00,28.68,2868,True
2026-03-24T00:19:08+00:00,28.68,2868,True
2026-03-24T00:29:08+00:00,31.24,3124,True
2026-03-24T00:39:08+00:00,33.8,3380,True
2026-03-24T00:49:08+00:00,33.8,3380,True
2026-03-24T00:59:08+00:00,36.36,3636,True
2026-03-24T01:09:08+00:00,36.16,3616,True
2026-03-24T01:19:08+00:00,38.92,3892,True
2026-03-24T01:29:08+00:00,38.92,3892,True
2026-03-24T01:39:08+00:00,41.48,4148,True
2026-03-24T01:49:08+00:00,44.04,4404,True
2026-03-24T01:59:08+00:00,44.04,4404,True
2026-03-24T02:09:08+00:00,41.48,4148,True
2026-03-24T02:19:08+00:00,44.04,4404,True
2026-03-24T02:29:08+00:00,44.04,4404,True
2026-03-24T02:39:08+00:00,44.04,4404,True
2026-03-24T02:49:08+00:00,44.04,4404,True
2026-03-24T02:59:08+00:00,41.48,4148,True
2026-03-24T03:09:08+00:00,38.92,3892,True
2026-03-24T03:19:08+00:00,36.36,3636,True
2026-03-24T03:29:08+00:00,33.8,3380,True
2026-03-24T03:39:08+00:00,33.8,3380,True
2026-03-24T03:49:08+00:00,31.24,3124,True
2026-03-24T03:59:08+00:00,31.24,3124,True
2026-03-24T04:09:08+00:00,31.24,3124,True
2026-03-24T04:19:08+00:00,31.24,3124,True
2026-03-24T04:29:08+00:00,31.24,3124,True
2026-03-24T04:39:08+00:00,31.24,3124,True
2026-03-24T04:49:08+00:00,31.24,3124,True
2026-03-24T04:59:08+00:00,31.24,3124,True
2026-03-24T05:09:08+00:00,31.24,3124,True
2026-03-24T05:19:08+00:00,31.24,3124,True
2026-03-24T05:29:08+00:00,31.24,3124,True
2026-03-24T05:39:08+00:00,31.24,3124,True
2026-03-24T05:49:08+00:00,33.8,3380,True
2026-03-24T05:59:08+00:00,33.8,3380,True
2026-03-24T06:09:08+00:00,34.05,3405,True
2026-03-24T06:19:08+00:00,33.8,3380,True
2026-03-24T06:29:08+00:00,33.8,3380,True
2026-03-24T06:39:08+00:00,33.8,3380,True
2026-03-24T06:49:08+00:00,33.8,3380,True
2026-03-24T06:59:08+00:00,33.8,3380,True
2026-03-24T07:09:08+00:00,33.8,3380,True
2026-03-24T07:19:08+00:00,33.8,3380,True
2026-03-24T07:29:08+00:00,33.8,3380,True
2026-03-24T07:39:08+00:00,36.36,3636,True
2026-03-24T07:49:08+00:00,36.36,3636,True
2026-03-24T07:59:08+00:00,38.92,3892,True
2026-03-24T08:09:08+00:00,38.92,3892,True
2026-03-24T08:19:08+00:00,44.04,4404,True
2026-03-24T08:29:08+00:00,46.6,4660,True
2026-03-24T08:39:08+00:00,51.72,5172,True
2026-03-24T08:49:08+00:00,54.28,5428,True
2026-03-24T08:59:08+00:00,56.84,5684,True
2026-03-24T09:09:08+00:00,56.84,5684,True
2026-03-24T09:19:08+00:00,56.84,5684,True
2026-03-24T09:29:08+00:00,54.28,5428,True
2026-03-24T09:39:08+00:00,51.72,5172,True
2026-03-24T09:49:08+00:00,49.16,4916,True
2026-03-24T09:59:08+00:00,44.04,4404,True
2026-03-24T10:09:08+00:00,38.92,3892,True
2026-03-24T10:19:08+00:00,31.24,3124,True
2026-03-24T10:29:08+00:00,26.12,2612,True
2026-03-24T10:39:08+00:00,23.56,2356,True
2026-03-24T10:49:08+00:00,21.0,2100,True
2026-03-24T10:59:08+00:00,15.88,1588,True
2026-03-24T11:09:08+00:00,13.22,1322,True
2026-03-24T11:19:08+00:00,10.76,1076,True
2026-03-24T11:29:08+00:00,10.76,1076,True
2026-03-24T11:39:08+00:00,10.76,1076,True
2026-03-24T11:49:08+00:00,13.32,1332,True
2026-03-24T11:59:08+00:00,18.44,1844,True
2026-03-24T12:09:08+00:00,21.0,2100,True
2026-03-24T12:19:08+00:00,26.12,2612,True
2026-03-24T12:29:08+00:00,28.68,2868,True
2026-03-24T12:39:08+00:00,31.24,3124,True
2026-03-24T12:49:08+00:00,36.36,3636,True
2026-03-24T12:59:08+00:00,38.92,3892,True
2026-03-24T13:09:08+00:00,38.92,3892,True
2026-03-24T13:19:08+00:00,46.6,4660,True
2026-03-24T13:29:08+00:00,46.6,4660,True
2026-03-24T13:39:08+00:00,49.16,4916,True
2026-03-24T13:49:08+00:00,49.16,4916,True
2026-03-24T13:59:08+00:00,49.16,4916,True
2026-03-24T14:09:08+00:00,49.16,4916,True
2026-03-24T14:19:08+00:00,51.72,5172,True
2026-03-24T14:29:08+00:00,49.16,4916,True
2026-03-24T14:39:08+00:00,51.72,5172,True
2026-03-24T14:49:08+00:00,49.16,4916,True
2026-03-24T14:59:08+00:00,44.04,4404,True
2026-03-24T15:09:08+00:00,41.48,4148,True
2026-03-24T15:19:08+00:00,38.92,3892,True
2026-03-24T15:29:08+00:00,36.36,3636,True
2026-03-24T15:39:08+00:00,33.8,3380,True
2026-03-24T15:49:08+00:00,31.24,3124,True
2026-03-24T15:59:08+00:00,31.24,3124,True
2026-03-24T16:09:08+00:00,35.28,3528,True
2026-03-24T16:19:08+00:00,31.24,3124,True
2026-03-24T16:29:08+00:00,31.24,3124,True
2026-03-24T16:39:08+00:00,31.24,3124,True
2026-03-24T16:49:08+00:00,31.24,3124,True
2026-03-24T16:59:08+00:00,31.24,3124,True
2026-03-24T17:09:08+00:00,31.24,3124,True
2026-03-24T17:19:08+00:00,31.24,3124,True
2026-03-24T17:29:08+00:00,31.24,3124,True
2026-03-24T17:39:08+00:00,28.68,2868,True
2026-03-24T17:49:08+00:00,26.12,2612,True
2026-03-24T17:59:08+00:00,23.56,2356,True
2026-03-24T18:09:08+00:00,23.56,2356,True
2026-03-24T18:19:08+00:00,21.0,2100,True
2026-03-24T18:29:08+00:00,18.44,1844,True
2026-03-24T18:39:08+00:00,18.44,1844,True
2026-03-24T18:49:08+00:00,15.88,1588,True
2026-03-24T18:59:08+00:00,15.88,1588,True
2026-03-24T19:09:08+00:00,15.88,1588,True
2026-03-24T19:19:08+00:00,15.88,1588,True
2026-03-24T19:29:08+00:00,18.44,1844,True
2026-03-24T19:39:08+00:00,21.0,2100,True
2026-03-24T19:49:08+00:00,23.56,2356,True
2026-03-24T19:59:08+00:00,26.12,2612,True
2026-03-24T20:09:08+00:00,28.68,2868,True
2026-03-24T20:19:08+00:00,31.24,3124,True
2026-03-24T20:29:08+00:00,33.8,3380,True
2026-03-24T20:39:08+00:00,33.8,3380,True
2026-03-24T20:49:08+00:00,33.8,3380,True
2026-03-24T20:59:08+00:00,33.8,3380,True
2026-03-24T21:09:08+00:00,32.66,3266,True
